Bought:, 11/18/2005 12:00:00 AM, 30.50, 31.00, 24.39, 25.30, Sold:, 11/21/2005 12:00:00 AM, 26.03, 26.95, 25.50, 26.15, Low:, 24.39, Value:, 352.00
Bought:, 11/22/2005 12:00:00 AM, 25.50, 25.85, 22.75, 23.50, Sold:, 11/23/2005 12:00:00 AM, 23.94, 24.10, 23.51, 23.80, Low:, 22.75, Value:, 210.00
Bought:, 11/25/2005 12:00:00 AM, 23.83, 24.00, 23.50, 23.68, Sold:, 11/30/2005 12:00:00 AM, 21.33, 22.71, 21.27, 22.51, Low:, 21.08, Value:, -434.00
Bought:, 12/6/2005 12:00:00 AM, 26.06, 26.16, 24.52, 24.70, Sold:, 12/7/2005 12:00:00 AM, 24.91, 25.65, 24.91, 25.65, Low:, 24.52, Value:, 226.00
Bought:, 12/9/2005 12:00:00 AM, 25.60, 25.84, 24.80, 25.00, Sold:, 12/13/2005 12:00:00 AM, 25.76, 25.90, 25.25, 25.59, Low:, 24.75, Value:, 200.00
Bought:, 12/16/2005 12:00:00 AM, 27.38, 27.64, 26.51, 27.64, Sold:, 12/20/2005 12:00:00 AM, 27.54, 28.29, 26.85, 28.07, Low:, 26.51, Value:, 312.00
Bought:, 12/30/2005 12:00:00 AM, 39.63, 39.74, 37.21, 38.31, Sold:, 1/5/2006 12:00:00 AM, 32.52, 35.70, 32.17, 35.63, Low:, 31.28, Value:, -469.00
Bought:, 1/17/2006 12:00:00 AM, 39.16, 39.41, 37.05, 38.17, Sold:, 1/19/2006 12:00:00 AM, 38.30, 39.70, 38.20, 38.78, Low:, 37.05, Value:, 173.00
Bought:, 1/20/2006 12:00:00 AM, 38.95, 39.25, 37.50, 38.28, Sold:, 1/26/2006 12:00:00 AM, 36.86, 38.65, 36.86, 37.55, Low:, 34.78, Value:, 100.00
Bought:, 2/1/2006 12:00:00 AM, 39.75, 40.75, 38.26, 39.03, Sold:, 2/9/2006 12:00:00 AM, 30.25, 30.65, 29.20, 29.49, Low:, 28.50, Value:, -801.00
Bought:, 2/15/2006 12:00:00 AM, 29.97, 30.43, 28.88, 29.07, Sold:, 2/23/2006 12:00:00 AM, 28.20, 29.48, 27.60, 29.15, Low:, 27.15, Value:, -462.0800
Bought:, 2/28/2006 12:00:00 AM, 28.31, 28.55, 27.98, 28.19, Sold:, 3/2/2006 12:00:00 AM, 28.80, 29.39, 28.25, 29.23, Low:, 27.98, Value:, 250.00
Bought:, 3/6/2006 12:00:00 AM, 28.76, 28.91, 28.28, 28.60, Sold:, 3/9/2006 12:00:00 AM, 26.80, 27.37, 26.80, 27.00, Low:, 26.75, Value:, -296.00
Bought:, 3/10/2006 12:00:00 AM, 26.95, 26.95, 25.85, 26.55, Sold:, 3/13/2006 12:00:00 AM, 26.49, 27.72, 26.17, 27.42, Low:, 25.85, Value:, 314.00
Bought:, 3/20/2006 12:00:00 AM, 30.05, 31.50, 29.91, 31.05, Sold:, 3/21/2006 12:00:00 AM, 31.00, 31.02, 30.31, 30.90, Low:, 29.91, Value:, 200.00
Bought:, 3/22/2006 12:00:00 AM, 31.00, 31.22, 30.00, 31.18, Sold:, 3/23/2006 12:00:00 AM, 31.23, 32.25, 31.05, 31.53, Low:, 30.00, Value:, 153.00
Bought:, 3/28/2006 12:00:00 AM, 34.08, 34.90, 32.74, 32.91, Sold:, 3/29/2006 12:00:00 AM, 32.79, 34.40, 32.75, 34.00, Low:, 32.74, Value:, 126.00
Bought:, 3/31/2006 12:00:00 AM, 32.85, 32.90, 32.25, 32.40, Sold:, 4/3/2006 12:00:00 AM, 32.70, 33.43, 32.50, 32.53, Low:, 32.25, Value:, 100.00
Bought:, 4/6/2006 12:00:00 AM, 33.01, 33.50, 32.62, 32.72, Sold:, 4/13/2006 12:00:00 AM, 31.03, 31.55, 30.85, 31.50, Low:, 30.75, Value:, -159.00
Bought:, 4/21/2006 12:00:00 AM, 33.61, 33.65, 32.69, 32.89, Sold:, 4/24/2006 12:00:00 AM, 32.95, 33.73, 32.89, 33.38, Low:, 32.69, Value:, 100.00
Bought:, 4/25/2006 12:00:00 AM, 33.50, 33.85, 32.50, 32.71, Sold:, 4/26/2006 12:00:00 AM, 40.12, 40.50, 36.78, 37.00, Low:, 32.50, Value:, 450.00
Bought:, 4/28/2006 12:00:00 AM, 37.67, 38.20, 36.75, 36.78, Sold:, 5/9/2006 12:00:00 AM, 36.31, 38.10, 36.31, 37.51, Low:, 36.12, Value:, 100.00
Bought:, 5/10/2006 12:00:00 AM, 36.13, 37.20, 35.21, 36.90, Sold:, 5/11/2006 12:00:00 AM, 36.25, 37.50, 36.25, 36.77, Low:, 35.21, Value:, 156.00
Bought:, 5/12/2006 12:00:00 AM, 36.51, 36.84, 35.15, 35.37, Sold:, 6/1/2006 12:00:00 AM, 35.95, 37.36, 35.81, 37.25, Low:, 35.15, Value:, 210.00
Bought:, 6/5/2006 12:00:00 AM, 37.40, 37.92, 36.06, 36.36, Sold:, 6/15/2006 12:00:00 AM, 37.22, 37.95, 36.51, 37.10, Low:, 36.06, Value:, 104.00
Bought:, 6/20/2006 12:00:00 AM, 39.85, 39.85, 37.25, 37.63, Sold:, 6/22/2006 12:00:00 AM, 37.76, 38.42, 36.88, 36.97, Low:, 36.77, Value:, 100.00
Bought:, 6/23/2006 12:00:00 AM, 36.85, 38.83, 35.87, 37.51, Sold:, 6/26/2006 12:00:00 AM, 37.75, 37.99, 36.95, 37.34, Low:, 35.87, Value:, 147.00
Bought:, 6/27/2006 12:00:00 AM, 37.34, 37.85, 36.27, 36.89, Sold:, 6/28/2006 12:00:00 AM, 37.14, 38.55, 36.85, 38.37, Low:, 36.27, Value:, 210.00
Bought:, 7/5/2006 12:00:00 AM, 42.29, 42.95, 41.60, 42.91, Sold:, 7/6/2006 12:00:00 AM, 42.91, 43.47, 41.77, 42.57, Low:, 41.60, Value:, 100.00
Bought:, 7/7/2006 12:00:00 AM, 41.95, 42.90, 38.47, 38.75, Sold:, 7/10/2006 12:00:00 AM, 38.74, 40.31, 38.73, 39.28, Low:, 38.47, Value:, 100.00
Bought:, 7/11/2006 12:00:00 AM, 39.39, 41.00, 37.59, 40.97, Sold:, 7/12/2006 12:00:00 AM, 40.53, 41.18, 40.15, 40.36, Low:, 37.59, Value:, 277.00
Bought:, 7/13/2006 12:00:00 AM, 40.01, 40.02, 38.08, 39.57, Sold:, 7/14/2006 12:00:00 AM, 38.77, 40.59, 38.41, 39.12, Low:, 38.08, Value:, 104.00
Bought:, 7/17/2006 12:00:00 AM, 39.02, 39.72, 38.16, 39.17, Sold:, 7/19/2006 12:00:00 AM, 38.45, 41.47, 38.34, 41.13, Low:, 38.16, Value:, 297.00
Bought:, 7/21/2006 12:00:00 AM, 41.97, 42.07, 39.95, 40.60, Sold:, 7/24/2006 12:00:00 AM, 41.05, 43.15, 40.59, 42.54, Low:, 39.95, Value:, 259.00
Bought:, 7/26/2006 12:00:00 AM, 39.58, 40.94, 38.23, 40.67, Sold:, 7/27/2006 12:00:00 AM, 41.00, 41.65, 39.05, 39.66, Low:, 38.23, Value:, 143.00
Bought:, 8/1/2006 12:00:00 AM, 39.96, 40.50, 38.57, 39.00, Sold:, 8/14/2006 12:00:00 AM, 33.49, 34.05, 32.33, 32.48, Low:, 32.20, Value:, -508.00
Bought:, 8/17/2006 12:00:00 AM, 35.44, 35.79, 34.74, 35.00, Sold:, 8/28/2006 12:00:00 AM, 35.30, 36.25, 35.12, 35.83, Low:, 34.74, Value:, 109.00
Bought:, 8/29/2006 12:00:00 AM, 35.95, 36.22, 34.87, 35.18, Sold:, 9/8/2006 12:00:00 AM, 33.26, 33.97, 33.04, 33.48, Low:, 32.58, Value:, -161.00
Bought:, 9/14/2006 12:00:00 AM, 38.14, 39.31, 37.75, 39.17, Sold:, 9/15/2006 12:00:00 AM, 39.50, 40.00, 38.98, 39.60, Low:, 37.75, Value:, 185.00
Bought:, 9/19/2006 12:00:00 AM, 40.09, 40.24, 39.12, 40.14, Sold:, 9/20/2006 12:00:00 AM, 39.94, 40.37, 39.37, 40.23, Low:, 39.12, Value:, 111.00
Bought:, 9/22/2006 12:00:00 AM, 40.75, 41.29, 39.93, 41.25, Sold:, 9/25/2006 12:00:00 AM, 41.25, 41.29, 40.24, 40.90, Low:, 39.93, Value:, 100.00
Bought:, 9/26/2006 12:00:00 AM, 41.00, 41.55, 39.65, 40.31, Sold:, 9/27/2006 12:00:00 AM, 41.43, 42.35, 40.99, 40.99, Low:, 39.65, Value:, 134.00
Bought:, 9/28/2006 12:00:00 AM, 41.22, 41.60, 39.69, 40.21, Sold:, 10/4/2006 12:00:00 AM, 39.87, 42.05, 39.78, 42.05, Low:, 39.69, Value:, 236.00
Bought:, 10/6/2006 12:00:00 AM, 42.30, 43.04, 41.75, 42.86, Sold:, 10/9/2006 12:00:00 AM, 43.00, 43.25, 42.11, 42.98, Low:, 41.75, Value:, 123.00
Bought:, 10/17/2006 12:00:00 AM, 48.50, 48.50, 46.32, 46.63, Sold:, 10/19/2006 12:00:00 AM, 46.57, 47.32, 46.25, 46.41, Low:, 46.15, Value:, 100.00
Bought:, 10/20/2006 12:00:00 AM, 46.56, 46.98, 45.77, 45.84, Sold:, 10/23/2006 12:00:00 AM, 45.95, 48.13, 45.80, 46.99, Low:, 45.77, Value:, 122.00
Bought:, 10/25/2006 12:00:00 AM, 46.40, 47.25, 46.39, 47.14, Sold:, 10/26/2006 12:00:00 AM, 47.21, 47.88, 46.60, 47.78, Low:, 46.39, Value:, 139.00
Bought:, 10/27/2006 12:00:00 AM, 47.82, 47.94, 46.50, 46.62, Sold:, 11/1/2006 12:00:00 AM, 46.96, 48.06, 46.57, 46.73, Low:, 45.50, Value:, 100.00
Bought:, 11/2/2006 12:00:00 AM, 46.34, 46.39, 43.22, 43.50, Sold:, 11/3/2006 12:00:00 AM, 43.62, 45.28, 43.57, 45.22, Low:, 43.22, Value:, 200.00
Bought:, 11/8/2006 12:00:00 AM, 45.44, 45.75, 44.74, 45.74, Sold:, 11/10/2006 12:00:00 AM, 44.83, 45.96, 44.83, 45.65, Low:, 44.66, Value:, 100.00
Bought:, 11/13/2006 12:00:00 AM, 45.55, 45.89, 43.76, 44.40, Sold:, 11/14/2006 12:00:00 AM, 44.90, 45.47, 44.56, 45.31, Low:, 43.76, Value:, 155.00
Bought:, 11/15/2006 12:00:00 AM, 45.49, 47.18, 44.55, 46.85, Sold:, 11/16/2006 12:00:00 AM, 47.50, 47.50, 46.05, 46.25, Low:, 44.55, Value:, 170.00
Bought:, 11/20/2006 12:00:00 AM, 46.31, 47.99, 45.91, 47.59, Sold:, 11/21/2006 12:00:00 AM, 47.98, 48.37, 46.92, 47.93, Low:, 45.91, Value:, 202.00
Bought:, 11/24/2006 12:00:00 AM, 47.40, 47.99, 47.29, 47.60, Sold:, 11/27/2006 12:00:00 AM, 48.62, 49.60, 48.00, 48.29, Low:, 47.29, Value:, 100.00
Bought:, 11/28/2006 12:00:00 AM, 46.08, 47.21, 44.91, 46.65, Sold:, 11/29/2006 12:00:00 AM, 47.13, 47.30, 46.00, 46.18, Low:, 44.91, Value:, 127.00
Bought:, 11/30/2006 12:00:00 AM, 46.23, 47.15, 45.91, 46.92, Sold:, 12/5/2006 12:00:00 AM, 48.88, 49.90, 48.46, 49.57, Low:, 45.91, Value:, 366.00
Bought:, 12/12/2006 12:00:00 AM, 51.35, 51.35, 49.25, 49.55, Sold:, 12/15/2006 12:00:00 AM, 50.16, 51.10, 49.95, 50.62, Low:, 49.25, Value:, 137.00
Bought:, 12/19/2006 12:00:00 AM, 50.25, 50.52, 48.75, 50.40, Sold:, 12/20/2006 12:00:00 AM, 50.40, 51.68, 50.40, 50.82, Low:, 48.75, Value:, 207.00
Bought:, 12/22/2006 12:00:00 AM, 51.20, 51.21, 49.89, 49.96, Sold:, 12/26/2006 12:00:00 AM, 50.00, 50.96, 49.91, 50.20, Low:, 49.89, Value:, 100.00
Bought:, 12/27/2006 12:00:00 AM, 50.45, 50.82, 49.65, 50.80, Sold:, 12/28/2006 12:00:00 AM, 50.90, 51.57, 50.44, 51.19, Low:, 49.65, Value:, 154.00
Bought:, 12/29/2006 12:00:00 AM, 51.60, 51.60, 50.30, 50.45, Sold:, 1/8/2007 12:00:00 AM, 48.35, 49.18, 48.00, 48.99, Low:, 47.80, Value:, -402.4000
Bought:, 1/12/2007 12:00:00 AM, 50.00, 50.05, 49.30, 49.60, Sold:, 1/16/2007 12:00:00 AM, 49.70, 51.09, 49.60, 50.76, Low:, 49.30, Value:, 146.00
Bought:, 1/19/2007 12:00:00 AM, 50.37, 51.45, 50.21, 51.07, Sold:, 1/23/2007 12:00:00 AM, 48.47, 49.60, 47.60, 49.41, Low:, 46.61, Value:, -401.6800
Bought:, 1/31/2007 12:00:00 AM, 52.19, 52.19, 50.50, 50.80, Sold:, 2/2/2007 12:00:00 AM, 46.95, 47.16, 45.61, 45.80, Low:, 45.50, Value:, -355.00
Bought:, 2/5/2007 12:00:00 AM, 45.49, 46.09, 44.63, 45.27, Sold:, 2/6/2007 12:00:00 AM, 45.30, 46.81, 45.30, 46.13, Low:, 44.63, Value:, 150.00
Bought:, 2/9/2007 12:00:00 AM, 48.87, 48.87, 48.00, 48.08, Sold:, 2/20/2007 12:00:00 AM, 48.15, 49.10, 47.64, 48.81, Low:, 47.00, Value:, 100.00
Bought:, 2/22/2007 12:00:00 AM, 48.24, 48.48, 47.62, 47.80, Sold:, 2/28/2007 12:00:00 AM, 45.56, 46.49, 45.01, 45.90, Low:, 45.00, Value:, -206.00
Bought:, 3/1/2007 12:00:00 AM, 45.50, 46.64, 44.90, 45.94, Sold:, 3/6/2007 12:00:00 AM, 44.74, 46.30, 44.59, 46.01, Low:, 44.90, Value:, 111.00
Bought:, 3/13/2007 12:00:00 AM, 46.75, 46.75, 45.09, 45.33, Sold:, 3/14/2007 12:00:00 AM, 45.95, 46.85, 45.19, 46.64, Low:, 45.09, Value:, 155.00
Bought:, 3/16/2007 12:00:00 AM, 47.07, 47.50, 46.39, 46.83, Sold:, 3/19/2007 12:00:00 AM, 47.12, 48.77, 47.12, 48.70, Low:, 46.39, Value:, 231.00
Bought:, 3/27/2007 12:00:00 AM, 50.80, 50.80, 49.57, 49.67, Sold:, 3/29/2007 12:00:00 AM, 50.00, 50.74, 49.81, 50.73, Low:, 49.57, Value:, 116.00
Bought:, 4/2/2007 12:00:00 AM, 51.26, 51.44, 50.56, 51.17, Sold:, 4/3/2007 12:00:00 AM, 51.22, 52.58, 51.22, 52.28, Low:, 50.56, Value:, 172.00
Bought:, 4/12/2007 12:00:00 AM, 52.92, 52.96, 52.47, 52.66, Sold:, 4/25/2007 12:00:00 AM, 50.58, 51.19, 50.15, 51.00, Low:, 50.01, Value:, -419.7600
Bought:, 4/26/2007 12:00:00 AM, 51.01, 51.01, 49.59, 49.60, Sold:, 4/30/2007 12:00:00 AM, 49.32, 50.85, 49.23, 50.50, Low:, 48.88, Value:, 100.00
Bought:, 5/1/2007 12:00:00 AM, 46.14, 47.20, 44.51, 46.06, Sold:, 5/2/2007 12:00:00 AM, 46.29, 46.76, 45.67, 45.95, Low:, 44.51, Value:, 144.00
Bought:, 5/3/2007 12:00:00 AM, 46.00, 46.25, 44.37, 44.50, Sold:, 5/4/2007 12:00:00 AM, 45.60, 45.60, 44.82, 45.17, Low:, 44.37, Value:, 100.00
Bought:, 5/7/2007 12:00:00 AM, 46.00, 46.00, 44.72, 44.84, Sold:, 5/18/2007 12:00:00 AM, 44.76, 46.89, 44.76, 46.47, Low:, 44.72, Value:, 175.00
Bought:, 5/23/2007 12:00:00 AM, 48.30, 48.53, 47.01, 47.05, Sold:, 5/31/2007 12:00:00 AM, 47.50, 48.32, 47.27, 47.83, Low:, 46.10, Value:, 100.00
Bought:, 6/4/2007 12:00:00 AM, 48.09, 48.30, 47.60, 47.88, Sold:, 6/13/2007 12:00:00 AM, 44.58, 45.00, 44.45, 44.73, Low:, 44.25, Value:, -302.00
Bought:, 6/14/2007 12:00:00 AM, 44.93, 44.98, 44.39, 44.46, Sold:, 6/18/2007 12:00:00 AM, 45.12, 46.43, 44.80, 46.06, Low:, 44.39, Value:, 167.00
Bought:, 6/21/2007 12:00:00 AM, 46.36, 46.49, 45.48, 46.17, Sold:, 6/25/2007 12:00:00 AM, 46.23, 46.50, 45.76, 45.96, Low:, 45.59, Value:, 100.00
Bought:, 6/26/2007 12:00:00 AM, 46.14, 46.14, 45.39, 45.80, Sold:, 6/27/2007 12:00:00 AM, 45.79, 46.76, 45.59, 46.63, Low:, 45.39, Value:, 124.00
Bought:, 6/29/2007 12:00:00 AM, 46.50, 47.10, 45.44, 45.65, Sold:, 7/2/2007 12:00:00 AM, 46.87, 47.09, 45.66, 47.09, Low:, 45.44, Value:, 165.00
Bought:, 7/10/2007 12:00:00 AM, 53.90, 54.11, 52.26, 52.33, Sold:, 7/12/2007 12:00:00 AM, 52.98, 53.43, 52.37, 53.24, Low:, 51.75, Value:, 100.00
Bought:, 7/13/2007 12:00:00 AM, 53.20, 56.05, 52.25, 54.02, Sold:, 7/16/2007 12:00:00 AM, 54.26, 56.25, 54.03, 54.15, Low:, 52.25, Value:, 190.00
Bought:, 7/17/2007 12:00:00 AM, 54.50, 55.04, 54.00, 54.86, Sold:, 7/18/2007 12:00:00 AM, 54.87, 56.79, 54.70, 56.73, Low:, 54.00, Value:, 273.00
Bought:, 7/20/2007 12:00:00 AM, 57.25, 57.42, 55.00, 55.12, Sold:, 7/27/2007 12:00:00 AM, 50.98, 52.24, 50.35, 51.59, Low:, 50.01, Value:, -402.00
Bought:, 8/1/2007 12:00:00 AM, 61.41, 66.07, 60.71, 64.13, Sold:, 8/2/2007 12:00:00 AM, 65.00, 65.30, 61.18, 62.00, Low:, 60.71, Value:, 129.00
Bought:, 8/6/2007 12:00:00 AM, 66.45, 67.00, 62.00, 63.05, Sold:, 8/7/2007 12:00:00 AM, 63.95, 65.50, 62.98, 64.10, Low:, 62.00, Value:, 210.00
Bought:, 8/9/2007 12:00:00 AM, 64.87, 73.40, 64.53, 67.10, Sold:, 8/17/2007 12:00:00 AM, 62.50, 64.71, 61.15, 63.92, Low:, 54.50, Value:, -516.2400
Bought:, 8/23/2007 12:00:00 AM, 66.98, 68.21, 64.81, 64.98, Sold:, 9/11/2007 12:00:00 AM, 62.60, 64.21, 61.52, 62.17, Low:, 60.45, Value:, -518.4800
Bought:, 9/14/2007 12:00:00 AM, 62.17, 63.57, 62.06, 62.20, Sold:, 9/18/2007 12:00:00 AM, 62.18, 65.92, 61.12, 65.79, Low:, 62.06, Value:, 373.00
Bought:, 9/20/2007 12:00:00 AM, 64.67, 65.09, 62.73, 62.81, Sold:, 9/21/2007 12:00:00 AM, 64.00, 64.01, 62.80, 63.11, Low:, 62.73, Value:, 100.00
Bought:, 9/26/2007 12:00:00 AM, 61.90, 62.40, 58.48, 60.10, Sold:, 9/28/2007 12:00:00 AM, 59.52, 60.66, 59.04, 59.82, Low:, 58.48, Value:, 134.00
Bought:, 10/3/2007 12:00:00 AM, 60.64, 60.65, 58.44, 58.59, Sold:, 10/9/2007 12:00:00 AM, 59.01, 60.15, 58.27, 59.80, Low:, 58.44, Value:, 136.00
Bought:, 10/12/2007 12:00:00 AM, 61.32, 61.70, 59.61, 60.71, Sold:, 10/15/2007 12:00:00 AM, 60.75, 61.38, 59.75, 60.17, Low:, 59.61, Value:, 100.00
Bought:, 10/16/2007 12:00:00 AM, 59.94, 59.99, 58.51, 59.13, Sold:, 10/23/2007 12:00:00 AM, 55.00, 57.75, 54.83, 57.18, Low:, 53.06, Value:, -351.00
Bought:, 10/24/2007 12:00:00 AM, 57.18, 57.18, 53.66, 55.61, Sold:, 10/25/2007 12:00:00 AM, 56.00, 57.89, 55.62, 56.85, Low:, 53.66, Value:, 319.00
Bought:, 10/30/2007 12:00:00 AM, 60.11, 63.90, 56.50, 63.71, Sold:, 10/31/2007 12:00:00 AM, 62.23, 63.35, 59.47, 62.25, Low:, 56.50, Value:, 575.00
Bought:, 11/1/2007 12:00:00 AM, 60.19, 60.39, 57.25, 58.29, Sold:, 11/12/2007 12:00:00 AM, 46.53, 48.25, 45.45, 45.55, Low:, 45.00, Value:, -1072.00
Bought:, 11/19/2007 12:00:00 AM, 51.60, 52.04, 47.18, 47.85, Sold:, 11/23/2007 12:00:00 AM, 47.37, 48.20, 47.00, 48.18, Low:, 47.18, Value:, 100.00
Bought:, 11/26/2007 12:00:00 AM, 48.17, 49.25, 46.25, 46.55, Sold:, 11/27/2007 12:00:00 AM, 47.25, 48.14, 47.20, 48.11, Low:, 46.25, Value:, 186.00
Bought:, 11/29/2007 12:00:00 AM, 48.89, 48.89, 46.65, 48.10, Sold:, 11/30/2007 12:00:00 AM, 48.90, 50.37, 48.37, 49.68, Low:, 46.65, Value:, 303.00
Bought:, 12/4/2007 12:00:00 AM, 49.13, 49.13, 47.01, 47.86, Sold:, 12/5/2007 12:00:00 AM, 48.59, 49.31, 48.23, 49.16, Low:, 47.01, Value:, 215.00
Bought:, 12/6/2007 12:00:00 AM, 49.25, 49.83, 47.29, 47.66, Sold:, 12/10/2007 12:00:00 AM, 48.44, 50.55, 47.70, 49.40, Low:, 47.29, Value:, 211.00
Bought:, 12/11/2007 12:00:00 AM, 49.55, 49.75, 47.61, 48.31, Sold:, 12/18/2007 12:00:00 AM, 43.40, 44.45, 42.69, 44.25, Low:, 42.69, Value:, -421.00
Bought:, 12/20/2007 12:00:00 AM, 46.64, 46.86, 43.21, 43.95, Sold:, 12/21/2007 12:00:00 AM, 44.56, 45.89, 43.95, 44.69, Low:, 43.21, Value:, 148.00
Bought:, 12/24/2007 12:00:00 AM, 44.63, 44.91, 43.25, 43.48, Sold:, 1/2/2008 12:00:00 AM, 43.69, 45.90, 43.55, 45.74, Low:, 43.25, Value:, 249.00
Bought:, 1/4/2008 12:00:00 AM, 43.06, 43.28, 41.00, 41.80, Sold:, 1/7/2008 12:00:00 AM, 42.50, 43.32, 41.36, 42.95, Low:, 41.00, Value:, 195.00
Bought:, 1/9/2008 12:00:00 AM, 42.79, 43.59, 41.76, 43.37, Sold:, 1/10/2008 12:00:00 AM, 42.97, 44.89, 42.10, 44.32, Low:, 41.76, Value:, 256.00
Bought:, 1/15/2008 12:00:00 AM, 44.75, 44.75, 40.21, 41.40, Sold:, 1/16/2008 12:00:00 AM, 40.66, 43.84, 40.66, 42.85, Low:, 40.21, Value:, 264.00
Bought:, 1/17/2008 12:00:00 AM, 43.08, 43.08, 34.80, 37.06, Sold:, 1/23/2008 12:00:00 AM, 30.98, 36.27, 29.19, 34.94, Low:, 25.39, Value:, 100.00
Bought:, 1/25/2008 12:00:00 AM, 36.24, 36.98, 33.66, 34.87, Sold:, 1/28/2008 12:00:00 AM, 35.70, 36.49, 33.76, 34.95, Low:, 33.66, Value:, 129.00
Bought:, 1/31/2008 12:00:00 AM, 36.82, 41.50, 36.25, 40.25, Sold:, 2/1/2008 12:00:00 AM, 41.47, 43.50, 41.47, 42.78, Low:, 36.25, Value:, 653.00
Bought:, 2/4/2008 12:00:00 AM, 44.46, 44.46, 39.69, 40.29, Sold:, 2/6/2008 12:00:00 AM, 40.05, 41.60, 39.50, 40.90, Low:, 39.69, Value:, 121.00
Bought:, 2/12/2008 12:00:00 AM, 45.24, 45.99, 43.69, 44.93, Sold:, 2/13/2008 12:00:00 AM, 46.04, 46.80, 44.49, 45.00, Low:, 43.69, Value:, 131.00
Bought:, 2/14/2008 12:00:00 AM, 45.30, 45.30, 42.90, 43.42, Sold:, 2/19/2008 12:00:00 AM, 43.95, 44.00, 42.32, 43.20, Low:, 41.69, Value:, 100.00
Bought:, 2/20/2008 12:00:00 AM, 42.80, 43.58, 42.00, 42.79, Sold:, 2/21/2008 12:00:00 AM, 42.45, 43.92, 42.45, 43.65, Low:, 42.00, Value:, 165.00
Bought:, 2/22/2008 12:00:00 AM, 43.83, 43.83, 39.81, 40.99, Sold:, 2/26/2008 12:00:00 AM, 39.99, 41.75, 39.99, 41.23, Low:, 39.81, Value:, 142.00
Bought:, 2/27/2008 12:00:00 AM, 40.68, 40.68, 38.24, 38.63, Sold:, 3/4/2008 12:00:00 AM, 36.75, 37.71, 35.84, 36.31, Low:, 35.51, Value:, -305.9200
Bought:, 3/6/2008 12:00:00 AM, 36.50, 36.50, 35.00, 35.26, Sold:, 3/11/2008 12:00:00 AM, 34.14, 36.00, 32.84, 33.94, Low:, 32.62, Value:, 100.00
Bought:, 3/13/2008 12:00:00 AM, 33.73, 35.47, 32.89, 35.39, Sold:, 3/14/2008 12:00:00 AM, 35.77, 35.79, 33.54, 34.00, Low:, 32.89, Value:, 111.00
Bought:, 3/17/2008 12:00:00 AM, 32.98, 35.67, 32.58, 34.16, Sold:, 3/18/2008 12:00:00 AM, 35.03, 37.49, 35.03, 35.54, Low:, 32.58, Value:, 296.00
Bought:, 3/26/2008 12:00:00 AM, 38.38, 39.03, 37.73, 38.12, Sold:, 4/7/2008 12:00:00 AM, 36.74, 36.74, 35.50, 36.33, Low:, 35.03, Value:, -301.8400
Bought:, 4/9/2008 12:00:00 AM, 36.45, 37.73, 35.20, 35.63, Sold:, 4/10/2008 12:00:00 AM, 35.55, 36.46, 35.24, 36.02, Low:, 35.20, Value:, 100.00
Bought:, 4/11/2008 12:00:00 AM, 36.99, 37.75, 35.22, 35.48, Sold:, 4/18/2008 12:00:00 AM, 33.99, 34.80, 33.37, 34.32, Low:, 32.05, Value:, -281.7600
Bought:, 4/23/2008 12:00:00 AM, 36.37, 36.37, 33.63, 33.84, Sold:, 4/24/2008 12:00:00 AM, 34.49, 35.88, 33.90, 35.32, Low:, 33.63, Value:, 169.00
Bought:, 4/29/2008 12:00:00 AM, 34.54, 36.87, 33.49, 34.62, Sold:, 5/2/2008 12:00:00 AM, 35.72, 35.74, 34.30, 34.57, Low:, 33.49, Value:, 108.00
Bought:, 5/5/2008 12:00:00 AM, 35.36, 35.39, 33.00, 33.73, Sold:, 5/7/2008 12:00:00 AM, 35.18, 35.24, 34.57, 34.70, Low:, 33.00, Value:, 170.00
Bought:, 5/8/2008 12:00:00 AM, 34.99, 35.00, 33.86, 34.50, Sold:, 5/14/2008 12:00:00 AM, 34.69, 35.35, 34.29, 34.61, Low:, 32.97, Value:, 100.00
Bought:, 5/20/2008 12:00:00 AM, 36.69, 37.66, 36.34, 37.66, Sold:, 5/27/2008 12:00:00 AM, 34.92, 34.92, 33.61, 33.75, Low:, 32.53, Value:, -290.7200
Bought:, 5/28/2008 12:00:00 AM, 33.99, 34.39, 33.32, 34.20, Sold:, 5/29/2008 12:00:00 AM, 34.51, 35.89, 33.56, 34.98, Low:, 33.32, Value:, 166.00
Bought:, 6/2/2008 12:00:00 AM, 36.00, 36.02, 34.25, 34.77, Sold:, 6/16/2008 12:00:00 AM, 31.75, 32.91, 31.36, 32.48, Low:, 31.05, Value:, -250.00
Bought:, 6/18/2008 12:00:00 AM, 31.96, 32.20, 30.48, 30.51, Sold:, 6/25/2008 12:00:00 AM, 27.40, 28.63, 27.40, 28.03, Low:, 27.10, Value:, -308.00
Bought:, 6/26/2008 12:00:00 AM, 27.70, 27.70, 26.32, 26.81, Sold:, 7/2/2008 12:00:00 AM, 26.54, 27.35, 25.70, 25.80, Low:, 24.50, Value:, 200.00
Bought:, 7/3/2008 12:00:00 AM, 25.91, 26.45, 25.00, 25.02, Sold:, 7/8/2008 12:00:00 AM, 25.99, 27.94, 24.85, 27.94, Low:, 25.00, Value:, 588.00
Bought:, 7/10/2008 12:00:00 AM, 27.56, 28.17, 25.15, 25.76, Sold:, 7/14/2008 12:00:00 AM, 25.85, 26.17, 25.00, 25.23, Low:, 24.55, Value:, 200.00
Bought:, 7/15/2008 12:00:00 AM, 25.98, 26.03, 23.50, 25.39, Sold:, 7/16/2008 12:00:00 AM, 25.42, 27.49, 24.51, 27.04, Low:, 23.50, Value:, 708.00
Bought:, 7/21/2008 12:00:00 AM, 28.23, 28.55, 27.08, 27.36, Sold:, 7/23/2008 12:00:00 AM, 30.03, 32.24, 29.75, 30.58, Low:, 27.08, Value:, 700.00
Bought:, 7/24/2008 12:00:00 AM, 30.50, 30.50, 28.52, 28.93, Sold:, 7/29/2008 12:00:00 AM, 29.09, 29.58, 27.24, 28.40, Low:, 26.00, Value:, 200.00
Bought:, 8/12/2008 12:00:00 AM, 35.99, 36.00, 34.25, 34.47, Sold:, 8/14/2008 12:00:00 AM, 33.59, 34.38, 32.85, 33.21, Low:, 32.19, Value:, -274.0000
Bought:, 8/15/2008 12:00:00 AM, 33.25, 33.78, 32.41, 32.87, Sold:, 8/21/2008 12:00:00 AM, 32.23, 33.57, 31.65, 32.61, Low:, 31.36, Value:, 100.00
Bought:, 8/25/2008 12:00:00 AM, 32.95, 33.33, 31.44, 31.92, Sold:, 8/27/2008 12:00:00 AM, 31.02, 32.91, 31.02, 32.38, Low:, 30.65, Value:, 100.00
Bought:, 9/4/2008 12:00:00 AM, 35.76, 36.22, 33.87, 34.34, Sold:, 9/8/2008 12:00:00 AM, 35.92, 36.43, 35.10, 35.85, Low:, 33.87, Value:, 198.00
Bought:, 9/9/2008 12:00:00 AM, 35.86, 36.73, 35.04, 35.68, Sold:, 9/16/2008 12:00:00 AM, 32.87, 35.61, 32.48, 35.24, Low:, 32.31, Value:, -217.00
Bought:, 9/22/2008 12:00:00 AM, 39.00, 39.75, 35.90, 36.48, Sold:, 9/30/2008 12:00:00 AM, 31.69, 32.84, 30.80, 31.76, Low:, 30.09, Value:, -421.00
Bought:, 10/1/2008 12:00:00 AM, 31.58, 31.94, 30.67, 31.30, Sold:, 10/7/2008 12:00:00 AM, 29.09, 29.55, 26.65, 26.66, Low:, 25.05, Value:, -158.00
Bought:, 10/8/2008 12:00:00 AM, 25.23, 29.17, 25.05, 27.34, Sold:, 10/9/2008 12:00:00 AM, 29.00, 29.00, 25.90, 26.50, Low:, 25.05, Value:, 290.00
Bought:, 10/10/2008 12:00:00 AM, 25.43, 28.25, 23.85, 28.25, Sold:, 10/13/2008 12:00:00 AM, 29.49, 29.99, 27.51, 29.30, Low:, 23.85, Value:, 1090.00
Bought:, 10/14/2008 12:00:00 AM, 30.72, 30.72, 26.25, 27.00, Sold:, 10/17/2008 12:00:00 AM, 26.82, 26.82, 24.55, 25.36, Low:, 23.00, Value:, -420.0000
Bought:, 10/20/2008 12:00:00 AM, 25.77, 26.03, 23.15, 24.09, Sold:, 10/27/2008 12:00:00 AM, 17.62, 18.79, 17.50, 18.11, Low:, 16.05, Value:, -1106.00
Bought:, 11/6/2008 12:00:00 AM, 26.05, 26.81, 24.25, 24.43, Sold:, 11/11/2008 12:00:00 AM, 24.36, 25.67, 23.56, 24.94, Low:, 23.45, Value:, 200.00
Bought:, 11/12/2008 12:00:00 AM, 24.20, 24.48, 20.78, 21.22, Sold:, 11/14/2008 12:00:00 AM, 24.28, 24.28, 20.92, 22.94, Low:, 20.78, Value:, 432.00
Bought:, 11/17/2008 12:00:00 AM, 22.65, 24.40, 20.41, 20.48, Sold:, 11/20/2008 12:00:00 AM, 17.23, 19.95, 17.06, 18.20, Low:, 17.00, Value:, -636.00
Bought:, 12/1/2008 12:00:00 AM, 22.37, 22.86, 20.47, 20.54, Sold:, 12/2/2008 12:00:00 AM, 20.68, 23.16, 20.54, 22.14, Low:, 20.47, Value:, 334.00
Bought:, 12/5/2008 12:00:00 AM, 24.76, 26.25, 22.90, 26.22, Sold:, 12/8/2008 12:00:00 AM, 26.50, 27.40, 25.00, 27.40, Low:, 22.90, Value:, 900.00
Bought:, 12/10/2008 12:00:00 AM, 27.46, 28.68, 26.98, 27.46, Sold:, 12/16/2008 12:00:00 AM, 24.81, 25.42, 23.84, 24.58, Low:, 22.82, Value:, -434.00
Bought:, 12/17/2008 12:00:00 AM, 24.32, 25.00, 23.10, 24.52, Sold:, 12/18/2008 12:00:00 AM, 24.62, 25.40, 24.00, 24.27, Low:, 23.10, Value:, 234.00
Bought:, 12/22/2008 12:00:00 AM, 24.95, 25.05, 23.37, 23.94, Sold:, 12/30/2008 12:00:00 AM, 22.61, 23.61, 22.35, 23.46, Low:, 22.07, Value:, -373.9200
Bought:, 1/7/2009 12:00:00 AM, 25.60, 25.80, 24.48, 25.23, Sold:, 1/15/2009 12:00:00 AM, 19.40, 19.84, 18.79, 19.75, Low:, 18.25, Value:, -1016.00
Bought:, 1/20/2009 12:00:00 AM, 19.86, 20.39, 18.81, 18.98, Sold:, 1/26/2009 12:00:00 AM, 19.60, 19.95, 18.54, 19.05, Low:, 18.51, Value:, 200.00
Bought:, 1/28/2009 12:00:00 AM, 19.07, 19.58, 18.58, 19.44, Sold:, 2/4/2009 12:00:00 AM, 17.33, 17.50, 16.90, 17.03, Low:, 16.51, Value:, -250.00
Bought:, 2/5/2009 12:00:00 AM, 17.01, 17.55, 16.65, 17.48, Sold:, 2/6/2009 12:00:00 AM, 17.54, 18.66, 17.54, 18.20, Low:, 16.65, Value:, 310.00
Bought:, 2/10/2009 12:00:00 AM, 17.51, 17.69, 16.35, 16.44, Sold:, 2/18/2009 12:00:00 AM, 15.51, 16.05, 15.03, 15.43, Low:, 14.89, Value:, -168.00
Bought:, 2/20/2009 12:00:00 AM, 15.28, 15.60, 14.52, 14.75, Sold:, 3/5/2009 12:00:00 AM, 13.14, 14.25, 12.65, 13.05, Low:, 12.53, Value:, -276.00
Bought:, 3/6/2009 12:00:00 AM, 13.22, 13.23, 11.94, 12.33, Sold:, 3/10/2009 12:00:00 AM, 13.75, 14.30, 12.90, 13.71, Low:, 11.94, Value:, 354.00
Bought:, 3/12/2009 12:00:00 AM, 13.50, 16.31, 13.36, 15.50, Sold:, 3/13/2009 12:00:00 AM, 15.84, 16.85, 15.53, 16.14, Low:, 13.36, Value:, 556.00
Bought:, 3/16/2009 12:00:00 AM, 16.36, 16.51, 15.41, 15.41, Sold:, 3/18/2009 12:00:00 AM, 16.32, 18.25, 16.00, 17.70, Low:, 15.41, Value:, 458.00
Bought:, 3/20/2009 12:00:00 AM, 18.13, 18.75, 17.14, 17.25, Sold:, 3/26/2009 12:00:00 AM, 16.50, 17.48, 16.38, 17.41, Low:, 15.53, Value:, -274.2400
Bought:, 3/30/2009 12:00:00 AM, 16.27, 16.85, 16.00, 16.47, Sold:, 4/2/2009 12:00:00 AM, 16.97, 18.32, 16.29, 17.29, Low:, 16.00, Value:, 258.00
Bought:, 4/3/2009 12:00:00 AM, 16.01, 18.22, 16.01, 18.07, Sold:, 4/6/2009 12:00:00 AM, 17.92, 18.21, 17.38, 17.74, Low:, 16.01, Value:, 346.00
Bought:, 4/7/2009 12:00:00 AM, 17.46, 17.53, 16.58, 17.26, Sold:, 4/8/2009 12:00:00 AM, 17.31, 17.98, 17.19, 17.72, Low:, 16.58, Value:, 228.00
Bought:, 4/14/2009 12:00:00 AM, 18.35, 18.62, 17.60, 17.73, Sold:, 4/16/2009 12:00:00 AM, 18.23, 19.21, 17.83, 18.90, Low:, 17.60, Value:, 260.00
Bought:, 4/20/2009 12:00:00 AM, 19.85, 19.85, 18.22, 18.36, Sold:, 4/22/2009 12:00:00 AM, 18.97, 21.27, 18.89, 20.73, Low:, 18.22, Value:, 502.00
Bought:, 4/27/2009 12:00:00 AM, 20.62, 21.99, 20.18, 21.70, Sold:, 4/28/2009 12:00:00 AM, 23.94, 25.50, 22.79, 24.50, Low:, 20.18, Value:, 864.00
Bought:, 5/1/2009 12:00:00 AM, 23.41, 24.18, 23.30, 24.00, Sold:, 5/4/2009 12:00:00 AM, 24.46, 25.22, 23.70, 25.15, Low:, 23.30, Value:, 370.00
Bought:, 5/6/2009 12:00:00 AM, 24.71, 24.83, 22.51, 24.50, Sold:, 5/7/2009 12:00:00 AM, 24.97, 24.97, 22.70, 22.96, Low:, 22.51, Value:, 200.00
Bought:, 5/8/2009 12:00:00 AM, 23.97, 24.00, 22.60, 23.35, Sold:, 5/15/2009 12:00:00 AM, 21.45, 22.00, 21.30, 21.69, Low:, 20.14, Value:, -230.00
Bought:, 5/21/2009 12:00:00 AM, 21.78, 21.78, 20.60, 20.80, Sold:, 5/26/2009 12:00:00 AM, 20.43, 23.00, 20.27, 22.98, Low:, 20.60, Value:, 476.00
Bought:, 6/4/2009 12:00:00 AM, 26.07, 26.20, 24.77, 25.40, Sold:, 6/5/2009 12:00:00 AM, 25.78, 26.00, 24.79, 25.19, Low:, 24.77, Value:, 200.00
Bought:, 6/8/2009 12:00:00 AM, 25.18, 25.18, 23.64, 24.06, Sold:, 6/9/2009 12:00:00 AM, 24.00, 24.83, 23.70, 24.38, Low:, 23.64, Value:, 200.00
Bought:, 6/12/2009 12:00:00 AM, 24.09, 24.17, 23.55, 24.13, Sold:, 6/18/2009 12:00:00 AM, 22.33, 22.44, 21.63, 21.81, Low:, 21.01, Value:, -244.00
Bought:, 6/22/2009 12:00:00 AM, 21.99, 21.99, 21.17, 21.24, Sold:, 6/26/2009 12:00:00 AM, 21.65, 23.08, 21.54, 22.60, Low:, 21.17, Value:, 286.00
Bought:, 7/2/2009 12:00:00 AM, 22.49, 23.00, 21.97, 22.40, Sold:, 7/9/2009 12:00:00 AM, 21.15, 21.65, 20.51, 20.63, Low:, 20.50, Value:, -351.5200
Bought:, 7/10/2009 12:00:00 AM, 20.62, 20.94, 20.03, 20.42, Sold:, 7/14/2009 12:00:00 AM, 21.78, 21.78, 21.14, 21.45, Low:, 20.03, Value:, 284.00
Bought:, 7/15/2009 12:00:00 AM, 21.69, 22.25, 20.88, 21.91, Sold:, 7/16/2009 12:00:00 AM, 21.86, 23.08, 21.57, 23.01, Low:, 20.88, Value:, 426.00
Bought:, 7/20/2009 12:00:00 AM, 22.55, 22.95, 22.28, 22.88, Sold:, 7/23/2009 12:00:00 AM, 22.39, 23.64, 22.29, 23.64, Low:, 22.28, Value:, 272.00
Bought:, 7/29/2009 12:00:00 AM, 25.00, 25.00, 24.08, 24.69, Sold:, 7/30/2009 12:00:00 AM, 24.99, 25.67, 24.55, 24.73, Low:, 24.08, Value:, 200.00
Bought:, 7/31/2009 12:00:00 AM, 24.56, 25.34, 24.22, 24.29, Sold:, 8/7/2009 12:00:00 AM, 24.26, 25.22, 24.19, 25.02, Low:, 23.61, Value:, 200.00
Bought:, 8/10/2009 12:00:00 AM, 25.12, 25.21, 24.12, 24.24, Sold:, 8/26/2009 12:00:00 AM, 23.31, 23.75, 23.07, 23.62, Low:, 23.00, Value:, -385.9200
Bought:, 8/27/2009 12:00:00 AM, 23.61, 24.23, 23.05, 24.07, Sold:, 8/28/2009 12:00:00 AM, 24.25, 24.41, 23.63, 24.30, Low:, 23.05, Value:, 250.00
Bought:, 8/31/2009 12:00:00 AM, 24.07, 24.07, 23.47, 23.87, Sold:, 9/4/2009 12:00:00 AM, 22.51, 22.74, 22.29, 22.69, Low:, 22.20, Value:, -192.00
Bought:, 9/21/2009 12:00:00 AM, 29.49, 30.87, 28.56, 30.67, Sold:, 9/22/2009 12:00:00 AM, 31.17, 31.24, 29.67, 29.75, Low:, 28.56, Value:, 238.00
Bought:, 9/23/2009 12:00:00 AM, 29.76, 29.76, 28.40, 28.48, Sold:, 10/9/2009 12:00:00 AM, 28.92, 29.43, 28.45, 29.42, Low:, 28.40, Value:, 204.00
Bought:, 10/13/2009 12:00:00 AM, 29.09, 29.68, 28.81, 29.33, Sold:, 10/14/2009 12:00:00 AM, 29.63, 30.21, 29.51, 30.07, Low:, 28.81, Value:, 252.00
Bought:, 10/16/2009 12:00:00 AM, 30.09, 30.39, 29.37, 29.95, Sold:, 10/19/2009 12:00:00 AM, 30.10, 31.09, 29.91, 31.04, Low:, 29.37, Value:, 334.00
Bought:, 10/21/2009 12:00:00 AM, 31.59, 32.25, 30.40, 30.41, Sold:, 10/23/2009 12:00:00 AM, 31.48, 31.73, 31.00, 31.51, Low:, 30.40, Value:, 111.00
Bought:, 10/27/2009 12:00:00 AM, 31.22, 31.89, 28.80, 29.27, Sold:, 10/29/2009 12:00:00 AM, 26.03, 27.81, 25.78, 27.52, Low:, 25.26, Value:, -554.00
Bought:, 11/2/2009 12:00:00 AM, 27.24, 27.40, 26.39, 26.90, Sold:, 11/4/2009 12:00:00 AM, 28.00, 28.00, 26.64, 26.65, Low:, 26.54, Value:, 200.00
Bought:, 11/10/2009 12:00:00 AM, 28.32, 28.65, 27.90, 28.07, Sold:, 11/16/2009 12:00:00 AM, 28.16, 29.58, 27.95, 29.45, Low:, 27.90, Value:, 310.00
Bought:, 11/19/2009 12:00:00 AM, 29.00, 29.01, 27.29, 27.81, Sold:, 11/23/2009 12:00:00 AM, 27.85, 28.47, 27.71, 27.92, Low:, 26.84, Value:, 200.00
Bought:, 11/24/2009 12:00:00 AM, 28.00, 28.00, 26.94, 27.17, Sold:, 12/30/2009 12:00:00 AM, 27.73, 28.00, 27.54, 27.87, Low:, 27.34, Value:, 200.00
Bought:, 12/31/2009 12:00:00 AM, 27.86, 28.00, 27.25, 27.27, Sold:, 1/5/2010 12:00:00 AM, 28.03, 28.96, 27.73, 28.92, Low:, 27.25, Value:, 334.00
Bought:, 1/8/2010 12:00:00 AM, 29.22, 29.45, 28.73, 29.15, Sold:, 1/21/2010 12:00:00 AM, 27.54, 28.37, 26.99, 27.34, Low:, 26.50, Value:, -238.00
Bought:, 1/22/2010 12:00:00 AM, 27.28, 27.83, 26.50, 26.63, Sold:, 1/27/2010 12:00:00 AM, 27.32, 28.21, 27.32, 27.91, Low:, 26.50, Value:, 282.00
Bought:, 1/28/2010 12:00:00 AM, 27.92, 28.08, 25.92, 26.25, Sold:, 2/2/2010 12:00:00 AM, 26.12, 27.32, 25.73, 26.80, Low:, 25.15, Value:, 200.00
Bought:, 2/4/2010 12:00:00 AM, 25.70, 25.70, 24.37, 24.45, Sold:, 2/11/2010 12:00:00 AM, 24.61, 25.39, 24.39, 25.33, Low:, 24.39, Value:, 200.00
Bought:, 2/18/2010 12:00:00 AM, 25.85, 25.85, 25.44, 25.69, Sold:, 3/1/2010 12:00:00 AM, 26.16, 26.85, 26.00, 26.84, Low:, 25.44, Value:, 280.00
Bought:, 3/3/2010 12:00:00 AM, 27.00, 27.13, 26.55, 26.75, Sold:, 3/5/2010 12:00:00 AM, 26.88, 28.45, 26.71, 28.14, Low:, 26.55, Value:, 318.00
Bought:, 3/11/2010 12:00:00 AM, 28.86, 29.21, 28.13, 29.18, Sold:, 3/12/2010 12:00:00 AM, 29.25, 29.28, 28.30, 28.40, Low:, 28.13, Value:, 200.00
Bought:, 3/15/2010 12:00:00 AM, 28.36, 28.48, 27.83, 28.18, Sold:, 3/17/2010 12:00:00 AM, 28.61, 29.19, 28.61, 28.97, Low:, 27.83, Value:, 228.00
Bought:, 3/18/2010 12:00:00 AM, 29.11, 29.58, 28.21, 28.34, Sold:, 3/22/2010 12:00:00 AM, 28.42, 30.39, 28.18, 30.09, Low:, 28.21, Value:, 376.00
Bought:, 3/24/2010 12:00:00 AM, 30.25, 30.30, 29.06, 29.16, Sold:, 3/25/2010 12:00:00 AM, 29.50, 30.84, 29.46, 30.16, Low:, 29.06, Value:, 220.00
Bought:, 3/30/2010 12:00:00 AM, 30.53, 31.00, 29.95, 30.25, Sold:, 4/5/2010 12:00:00 AM, 30.79, 31.20, 30.61, 30.94, Low:, 29.64, Value:, 200.00
Bought:, 4/8/2010 12:00:00 AM, 31.36, 31.99, 31.10, 31.64, Sold:, 4/9/2010 12:00:00 AM, 31.73, 32.33, 31.28, 32.28, Low:, 31.10, Value:, 118.00
Bought:, 4/13/2010 12:00:00 AM, 33.09, 33.42, 32.44, 32.58, Sold:, 4/14/2010 12:00:00 AM, 32.98, 34.92, 32.80, 34.63, Low:, 32.44, Value:, 219.00
Bought:, 4/19/2010 12:00:00 AM, 33.54, 34.73, 32.70, 33.65, Sold:, 4/20/2010 12:00:00 AM, 33.90, 34.40, 33.67, 33.88, Low:, 32.70, Value:, 118.00
Bought:, 4/22/2010 12:00:00 AM, 34.13, 35.00, 33.70, 34.82, Sold:, 4/23/2010 12:00:00 AM, 34.72, 35.45, 34.50, 35.35, Low:, 33.70, Value:, 165.00
Bought:, 4/27/2010 12:00:00 AM, 34.93, 35.25, 33.05, 34.20, Sold:, 4/28/2010 12:00:00 AM, 34.52, 36.32, 34.50, 35.54, Low:, 33.05, Value:, 249.00
Bought:, 4/30/2010 12:00:00 AM, 35.86, 36.43, 33.66, 33.75, Sold:, 5/3/2010 12:00:00 AM, 34.00, 35.13, 33.75, 34.54, Low:, 33.66, Value:, 100.00
Bought:, 5/4/2010 12:00:00 AM, 34.96, 34.96, 33.25, 33.87, Sold:, 5/7/2010 12:00:00 AM, 31.50, 32.18, 29.59, 30.19, Low:, 29.16, Value:, -175.00
Bought:, 5/14/2010 12:00:00 AM, 33.50, 33.84, 32.02, 32.81, Sold:, 5/18/2010 12:00:00 AM, 33.49, 33.98, 31.99, 32.21, Low:, 30.99, Value:, 100.00
Bought:, 5/19/2010 12:00:00 AM, 31.40, 31.96, 30.50, 31.39, Sold:, 5/24/2010 12:00:00 AM, 31.43, 31.95, 30.92, 31.05, Low:, 29.43, Value:, 100.00
Bought:, 5/25/2010 12:00:00 AM, 30.04, 31.18, 29.12, 31.08, Sold:, 5/26/2010 12:00:00 AM, 33.49, 34.40, 32.57, 33.56, Low:, 29.12, Value:, 888.00
Bought:, 5/28/2010 12:00:00 AM, 34.37, 34.87, 33.49, 33.69, Sold:, 6/3/2010 12:00:00 AM, 33.76, 34.52, 33.37, 34.46, Low:, 32.21, Value:, 100.00
Bought:, 6/4/2010 12:00:00 AM, 33.44, 33.99, 32.00, 32.69, Sold:, 6/9/2010 12:00:00 AM, 32.40, 33.46, 31.58, 31.92, Low:, 30.28, Value:, 100.00
Bought:, 6/21/2010 12:00:00 AM, 38.11, 38.87, 36.41, 36.67, Sold:, 6/25/2010 12:00:00 AM, 35.34, 36.05, 34.91, 35.94, Low:, 34.57, Value:, -291.2800
Bought:, 6/29/2010 12:00:00 AM, 35.43, 35.43, 33.16, 33.59, Sold:, 7/7/2010 12:00:00 AM, 32.83, 34.77, 32.53, 34.61, Low:, 33.16, Value:, 145.00
Bought:, 7/13/2010 12:00:00 AM, 36.47, 36.49, 35.20, 36.15, Sold:, 7/21/2010 12:00:00 AM, 33.89, 34.64, 33.20, 34.30, Low:, 32.27, Value:, -281.6000
Bought:, 7/27/2010 12:00:00 AM, 39.71, 40.00, 37.48, 37.93, Sold:, 8/2/2010 12:00:00 AM, 38.31, 38.69, 37.67, 38.23, Low:, 36.59, Value:, 100.00
Bought:, 8/3/2010 12:00:00 AM, 38.07, 38.09, 36.77, 37.37, Sold:, 8/4/2010 12:00:00 AM, 37.33, 38.23, 37.18, 38.01, Low:, 36.77, Value:, 124.00
Bought:, 8/6/2010 12:00:00 AM, 36.70, 37.43, 36.57, 37.27, Sold:, 8/9/2010 12:00:00 AM, 37.70, 38.00, 37.18, 37.88, Low:, 36.57, Value:, 131.00
Bought:, 8/10/2010 12:00:00 AM, 37.35, 38.00, 37.09, 37.67, Sold:, 8/25/2010 12:00:00 AM, 35.13, 36.63, 35.00, 36.50, Low:, 34.83, Value:, -196.00
Bought:, 8/26/2010 12:00:00 AM, 36.77, 36.89, 34.82, 34.92, Sold:, 8/30/2010 12:00:00 AM, 35.92, 36.65, 34.84, 34.95, Low:, 34.20, Value:, 100.00
Bought:, 8/31/2010 12:00:00 AM, 34.80, 36.00, 34.32, 35.87, Sold:, 9/1/2010 12:00:00 AM, 36.76, 37.89, 36.54, 36.74, Low:, 34.32, Value:, 242.00
Bought:, 9/22/2010 12:00:00 AM, 44.75, 45.28, 43.71, 44.00, Sold:, 9/24/2010 12:00:00 AM, 45.08, 46.10, 44.78, 44.92, Low:, 43.71, Value:, 121.00
Bought:, 9/27/2010 12:00:00 AM, 44.96, 45.63, 44.70, 45.22, Sold:, 9/29/2010 12:00:00 AM, 45.40, 46.05, 45.31, 45.50, Low:, 44.69, Value:, 100.00
Bought:, 9/30/2010 12:00:00 AM, 45.87, 46.00, 44.56, 45.04, Sold:, 10/5/2010 12:00:00 AM, 45.49, 47.00, 44.86, 45.11, Low:, 44.22, Value:, 100.00
Bought:, 10/6/2010 12:00:00 AM, 45.00, 45.25, 44.07, 44.45, Sold:, 10/7/2010 12:00:00 AM, 44.66, 45.25, 44.19, 44.59, Low:, 44.07, Value:, 100.00
Bought:, 10/12/2010 12:00:00 AM, 45.64, 46.74, 45.31, 46.40, Sold:, 10/13/2010 12:00:00 AM, 46.66, 48.00, 46.59, 46.79, Low:, 45.31, Value:, 148.00
Bought:, 10/14/2010 12:00:00 AM, 46.75, 47.50, 45.89, 46.28, Sold:, 10/21/2010 12:00:00 AM, 45.61, 47.78, 44.69, 45.41, Low:, 44.56, Value:, 100.00
Bought:, 10/26/2010 12:00:00 AM, 45.36, 48.49, 44.75, 47.98, Sold:, 10/27/2010 12:00:00 AM, 47.81, 47.90, 46.25, 46.80, Low:, 44.75, Value:, 205.00
Bought:, 10/28/2010 12:00:00 AM, 47.42, 48.07, 46.12, 46.96, Sold:, 10/29/2010 12:00:00 AM, 46.90, 47.17, 46.33, 46.68, Low:, 46.12, Value:, 100.00
Bought:, 11/1/2010 12:00:00 AM, 46.95, 47.49, 46.25, 46.50, Sold:, 11/4/2010 12:00:00 AM, 47.15, 48.57, 47.00, 48.49, Low:, 46.25, Value:, 224.00
Bought:, 11/10/2010 12:00:00 AM, 51.16, 51.88, 50.62, 51.85, Sold:, 11/11/2010 12:00:00 AM, 51.22, 52.30, 51.02, 51.97, Low:, 50.62, Value:, 135.00
Bought:, 11/12/2010 12:00:00 AM, 51.50, 51.93, 50.27, 50.55, Sold:, 11/17/2010 12:00:00 AM, 50.16, 51.66, 50.01, 50.91, Low:, 49.06, Value:, 100.00
Bought:, 11/26/2010 12:00:00 AM, 57.22, 57.22, 55.86, 56.50, Sold:, 11/30/2010 12:00:00 AM, 55.62, 58.69, 55.62, 57.73, Low:, 55.86, Value:, 187.00
Bought:, 12/2/2010 12:00:00 AM, 58.10, 58.59, 57.15, 58.09, Sold:, 12/3/2010 12:00:00 AM, 57.57, 59.19, 57.39, 59.03, Low:, 57.15, Value:, 188.00
Bought:, 12/8/2010 12:00:00 AM, 58.66, 59.33, 58.10, 58.69, Sold:, 12/10/2010 12:00:00 AM, 59.12, 60.09, 58.97, 60.01, Low:, 58.10, Value:, 191.00
Bought:, 12/14/2010 12:00:00 AM, 59.75, 59.84, 56.66, 56.75, Sold:, 12/20/2010 12:00:00 AM, 58.42, 58.42, 56.59, 57.23, Low:, 55.95, Value:, 100.00
Bought:, 12/22/2010 12:00:00 AM, 56.97, 57.25, 53.84, 54.49, Sold:, 12/23/2010 12:00:00 AM, 54.52, 55.39, 54.51, 54.85, Low:, 53.84, Value:, 101.00
Bought:, 12/27/2010 12:00:00 AM, 54.79, 54.85, 53.82, 54.50, Sold:, 12/29/2010 12:00:00 AM, 53.68, 54.90, 53.66, 54.60, Low:, 53.36, Value:, 100.00
Bought:, 12/31/2010 12:00:00 AM, 55.14, 55.35, 54.60, 54.84, Sold:, 1/5/2011 12:00:00 AM, 54.57, 55.94, 54.32, 55.54, Low:, 53.92, Value:, 100.00
Bought:, 1/6/2011 12:00:00 AM, 55.75, 55.86, 54.27, 54.64, Sold:, 1/11/2011 12:00:00 AM, 55.91, 56.00, 54.15, 54.39, Low:, 52.66, Value:, 100.00
Bought:, 1/19/2011 12:00:00 AM, 56.83, 56.99, 55.06, 55.21, Sold:, 1/26/2011 12:00:00 AM, 53.08, 54.13, 52.53, 53.88, Low:, 51.77, Value:, -440.4800
Bought:, 2/2/2011 12:00:00 AM, 60.06, 60.68, 59.34, 59.41, Sold:, 2/3/2011 12:00:00 AM, 59.44, 60.82, 59.42, 60.26, Low:, 59.34, Value:, 100.00
Bought:, 2/10/2011 12:00:00 AM, 66.30, 69.23, 65.94, 69.12, Sold:, 2/11/2011 12:00:00 AM, 69.00, 69.97, 68.51, 69.81, Low:, 65.94, Value:, 387.00
Bought:, 2/15/2011 12:00:00 AM, 67.70, 68.72, 66.83, 67.34, Sold:, 2/16/2011 12:00:00 AM, 67.48, 68.27, 66.83, 67.77, Low:, 66.83, Value:, 100.00
Bought:, 2/17/2011 12:00:00 AM, 67.36, 68.00, 66.42, 67.53, Sold:, 2/18/2011 12:00:00 AM, 67.42, 68.20, 66.90, 67.84, Low:, 66.42, Value:, 142.00
Bought:, 2/22/2011 12:00:00 AM, 66.80, 68.53, 66.10, 66.15, Sold:, 2/24/2011 12:00:00 AM, 64.00, 65.27, 63.39, 64.56, Low:, 62.28, Value:, -528.8000
Bought:, 3/1/2011 12:00:00 AM, 66.28, 66.38, 63.81, 64.47, Sold:, 3/3/2011 12:00:00 AM, 65.00, 66.65, 64.69, 66.56, Low:, 63.81, Value:, 275.00
Bought:, 3/7/2011 12:00:00 AM, 67.44, 69.25, 65.75, 67.86, Sold:, 3/8/2011 12:00:00 AM, 68.02, 70.69, 67.91, 69.49, Low:, 65.75, Value:, 374.00
Bought:, 3/10/2011 12:00:00 AM, 68.00, 68.72, 67.17, 67.69, Sold:, 3/14/2011 12:00:00 AM, 68.53, 69.14, 67.34, 68.27, Low:, 67.17, Value:, 110.00
Bought:, 3/15/2011 12:00:00 AM, 66.00, 68.24, 65.55, 67.52, Sold:, 3/16/2011 12:00:00 AM, 67.22, 68.73, 66.23, 67.14, Low:, 65.55, Value:, 159.00
Bought:, 3/18/2011 12:00:00 AM, 65.34, 66.04, 63.01, 63.31, Sold:, 3/21/2011 12:00:00 AM, 64.10, 65.83, 64.03, 65.51, Low:, 63.01, Value:, 250.00
Bought:, 3/23/2011 12:00:00 AM, 63.89, 65.30, 63.30, 64.92, Sold:, 3/24/2011 12:00:00 AM, 65.22, 65.89, 64.69, 65.25, Low:, 63.30, Value:, 195.00
Bought:, 3/28/2011 12:00:00 AM, 65.88, 66.69, 64.61, 65.11, Sold:, 3/30/2011 12:00:00 AM, 68.66, 70.56, 68.50, 69.03, Low:, 64.61, Value:, 442.00
Bought:, 3/31/2011 12:00:00 AM, 69.09, 69.50, 67.66, 68.05, Sold:, 4/1/2011 12:00:00 AM, 68.47, 74.12, 68.06, 73.23, Low:, 67.66, Value:, 557.00
Bought:, 4/6/2011 12:00:00 AM, 76.50, 76.66, 73.04, 73.90, Sold:, 4/11/2011 12:00:00 AM, 71.48, 74.29, 71.48, 73.29, Low:, 71.16, Value:, 100.00
Bought:, 4/14/2011 12:00:00 AM, 74.03, 74.83, 72.77, 73.41, Sold:, 4/15/2011 12:00:00 AM, 73.35, 74.40, 73.13, 73.87, Low:, 72.77, Value:, 110.00
Bought:, 4/18/2011 12:00:00 AM, 72.80, 74.60, 71.54, 74.11, Sold:, 4/19/2011 12:00:00 AM, 74.21, 77.97, 74.10, 77.80, Low:, 71.54, Value:, 626.00
Bought:, 4/21/2011 12:00:00 AM, 79.20, 79.20, 77.56, 78.53, Sold:, 4/25/2011 12:00:00 AM, 79.85, 80.00, 77.68, 78.47, Low:, 77.56, Value:, 100.00
Bought:, 4/26/2011 12:00:00 AM, 74.90, 75.45, 69.36, 69.64, Sold:, 4/28/2011 12:00:00 AM, 70.00, 72.24, 69.52, 70.24, Low:, 68.19, Value:, 100.00
Bought:, 4/29/2011 12:00:00 AM, 70.30, 70.30, 67.56, 68.46, Sold:, 5/5/2011 12:00:00 AM, 64.85, 66.17, 63.80, 65.15, Low:, 62.91, Value:, -271.00
Bought:, 5/10/2011 12:00:00 AM, 65.76, 67.55, 65.53, 67.40, Sold:, 5/11/2011 12:00:00 AM, 67.11, 68.92, 67.08, 68.73, Low:, 65.53, Value:, 320.00
Bought:, 5/13/2011 12:00:00 AM, 68.22, 68.62, 66.34, 66.92, Sold:, 5/18/2011 12:00:00 AM, 65.81, 67.63, 65.51, 67.11, Low:, 61.56, Value:, 100.00
Bought:, 5/20/2011 12:00:00 AM, 66.94, 67.39, 64.38, 65.43, Sold:, 5/26/2011 12:00:00 AM, 63.32, 65.67, 63.32, 65.62, Low:, 64.38, Value:, 124.00
Bought:, 5/31/2011 12:00:00 AM, 65.92, 66.26, 64.23, 65.18, Sold:, 6/1/2011 12:00:00 AM, 65.04, 67.10, 65.04, 66.63, Low:, 64.23, Value:, 240.00
Bought:, 6/3/2011 12:00:00 AM, 65.40, 68.99, 65.30, 66.56, Sold:, 6/10/2011 12:00:00 AM, 66.25, 67.07, 63.98, 64.12, Low:, 62.09, Value:, 100.00
Bought:, 6/15/2011 12:00:00 AM, 68.90, 69.59, 67.72, 68.07, Sold:, 6/17/2011 12:00:00 AM, 69.59, 69.83, 67.14, 68.07, Low:, 66.97, Value:, 100.00
Bought:, 6/23/2011 12:00:00 AM, 71.12, 73.69, 70.41, 73.62, Sold:, 6/24/2011 12:00:00 AM, 73.39, 74.77, 72.46, 74.37, Low:, 70.41, Value:, 396.00
Bought:, 7/8/2011 12:00:00 AM, 78.29, 79.74, 77.40, 79.55, Sold:, 7/13/2011 12:00:00 AM, 78.52, 80.70, 78.40, 79.33, Low:, 77.40, Value:, 193.00
Bought:, 7/14/2011 12:00:00 AM, 79.50, 79.85, 77.87, 78.26, Sold:, 7/19/2011 12:00:00 AM, 78.47, 82.66, 78.23, 82.40, Low:, 77.87, Value:, 453.00
Bought:, 7/21/2011 12:00:00 AM, 81.47, 82.95, 80.29, 80.42, Sold:, 7/29/2011 12:00:00 AM, 73.11, 74.79, 72.32, 73.41, Low:, 71.20, Value:, -718.00
Bought:, 8/1/2011 12:00:00 AM, 74.63, 75.66, 72.20, 72.87, Sold:, 8/9/2011 12:00:00 AM, 58.22, 61.40, 55.49, 61.28, Low:, 54.37, Value:, -1398.00
Bought:, 8/11/2011 12:00:00 AM, 59.72, 63.95, 58.58, 62.94, Sold:, 8/12/2011 12:00:00 AM, 63.57, 64.41, 62.73, 63.73, Low:, 58.58, Value:, 515.00
Bought:, 8/16/2011 12:00:00 AM, 64.93, 65.43, 62.84, 63.44, Sold:, 8/22/2011 12:00:00 AM, 55.58, 57.25, 54.74, 55.99, Low:, 52.62, Value:, -726.00
Bought:, 8/25/2011 12:00:00 AM, 63.12, 63.72, 59.50, 59.61, Sold:, 8/29/2011 12:00:00 AM, 68.47, 71.20, 67.93, 70.11, Low:, 59.50, Value:, 1061.00
Bought:, 9/1/2011 12:00:00 AM, 70.60, 72.56, 69.39, 69.73, Sold:, 9/7/2011 12:00:00 AM, 69.89, 71.22, 68.17, 71.16, Low:, 69.39, Value:, 177.00
Bought:, 9/9/2011 12:00:00 AM, 69.84, 69.90, 66.08, 67.54, Sold:, 9/12/2011 12:00:00 AM, 66.20, 69.61, 66.15, 69.38, Low:, 66.08, Value:, 330.00
Bought:, 9/19/2011 12:00:00 AM, 77.26, 79.55, 76.19, 78.59, Sold:, 9/20/2011 12:00:00 AM, 78.91, 80.25, 76.26, 76.53, Low:, 76.19, Value:, 100.00
Bought:, 9/21/2011 12:00:00 AM, 76.65, 77.38, 73.66, 73.68, Sold:, 9/23/2011 12:00:00 AM, 71.22, 74.99, 71.01, 72.67, Low:, 69.05, Value:, 100.00
Bought:, 9/28/2011 12:00:00 AM, 75.72, 76.03, 72.88, 73.05, Sold:, 10/5/2011 12:00:00 AM, 68.01, 69.60, 66.68, 69.25, Low:, 62.50, Value:, -487.00
Bought:, 10/13/2011 12:00:00 AM, 73.82, 75.35, 72.80, 73.50, Sold:, 10/14/2011 12:00:00 AM, 74.82, 75.20, 73.29, 74.64, Low:, 72.80, Value:, 184.00
Bought:, 10/17/2011 12:00:00 AM, 75.02, 76.48, 71.79, 72.48, Sold:, 10/19/2011 12:00:00 AM, 72.72, 73.65, 71.08, 71.29, Low:, 69.23, Value:, 100.00
Bought:, 10/20/2011 12:00:00 AM, 71.42, 72.25, 70.00, 71.67, Sold:, 10/21/2011 12:00:00 AM, 72.77, 73.98, 72.26, 73.11, Low:, 70.00, Value:, 311.00
Bought:, 11/1/2011 12:00:00 AM, 81.20, 83.68, 80.66, 82.05, Sold:, 11/2/2011 12:00:00 AM, 84.34, 85.77, 82.14, 83.80, Low:, 80.66, Value:, 314.00
Bought:, 11/7/2011 12:00:00 AM, 84.26, 85.60, 82.28, 83.50, Sold:, 11/11/2011 12:00:00 AM, 82.16, 83.99, 81.38, 83.90, Low:, 82.28, Value:, 162.00
Bought:, 11/15/2011 12:00:00 AM, 82.31, 83.81, 81.50, 83.28, Sold:, 11/22/2011 12:00:00 AM, 75.62, 76.79, 74.82, 75.06, Low:, 73.55, Value:, -588.00
Bought:, 11/23/2011 12:00:00 AM, 74.30, 77.00, 74.13, 76.43, Sold:, 11/25/2011 12:00:00 AM, 76.07, 76.69, 74.18, 74.69, Low:, 74.13, Value:, 100.00
Bought:, 12/1/2011 12:00:00 AM, 79.99, 82.39, 79.00, 81.86, Sold:, 12/2/2011 12:00:00 AM, 82.43, 84.86, 81.65, 81.84, Low:, 79.00, Value:, 284.00
Bought:, 12/6/2011 12:00:00 AM, 83.89, 83.89, 82.13, 82.63, Sold:, 12/16/2011 12:00:00 AM, 74.95, 75.27, 73.84, 74.13, Low:, 72.23, Value:, -718.00
Bought:, 12/19/2011 12:00:00 AM, 74.50, 74.90, 71.80, 72.03, Sold:, 12/20/2011 12:00:00 AM, 73.61, 74.38, 72.15, 72.34, Low:, 71.80, Value:, 100.00
Bought:, 12/21/2011 12:00:00 AM, 72.49, 72.74, 69.69, 71.12, Sold:, 12/22/2011 12:00:00 AM, 71.55, 71.88, 70.00, 70.59, Low:, 69.69, Value:, 100.00
Bought:, 12/28/2011 12:00:00 AM, 73.47, 73.83, 71.90, 72.55, Sold:, 12/30/2011 12:00:00 AM, 71.85, 73.36, 71.49, 71.79, Low:, 71.10, Value:, 100.00
Bought:, 1/4/2012 12:00:00 AM, 72.10, 73.37, 71.44, 72.66, Sold:, 1/6/2012 12:00:00 AM, 73.24, 74.92, 72.64, 74.15, Low:, 71.44, Value:, 271.00
Bought:, 1/17/2012 12:00:00 AM, 77.76, 78.63, 75.93, 76.27, Sold:, 1/19/2012 12:00:00 AM, 73.65, 74.32, 71.90, 72.94, Low:, 71.76, Value:, -607.4400
Bought:, 1/26/2012 12:00:00 AM, 75.99, 77.26, 72.56, 73.40, Sold:, 1/27/2012 12:00:00 AM, 73.02, 77.49, 72.76, 76.92, Low:, 72.56, Value:, 436.00
Bought:, 2/2/2012 12:00:00 AM, 78.53, 79.00, 77.12, 77.58, Sold:, 2/3/2012 12:00:00 AM, 78.49, 80.54, 78.15, 80.46, Low:, 77.12, Value:, 334.00
Bought:, 2/21/2012 12:00:00 AM, 84.29, 84.58, 82.11, 82.52, Sold:, 2/22/2012 12:00:00 AM, 82.21, 83.49, 82.21, 82.81, Low:, 82.11, Value:, 100.00
Bought:, 3/6/2012 12:00:00 AM, 90.56, 90.67, 88.00, 88.84, Sold:, 3/7/2012 12:00:00 AM, 89.26, 91.62, 89.11, 91.02, Low:, 88.00, Value:, 302.00
Bought:, 3/12/2012 12:00:00 AM, 93.27, 95.82, 92.08, 95.35, Sold:, 3/13/2012 12:00:00 AM, 95.95, 97.83, 95.55, 97.70, Low:, 92.08, Value:, 562.00
Bought:, 3/15/2012 12:00:00 AM, 97.56, 97.99, 95.72, 96.03, Sold:, 3/19/2012 12:00:00 AM, 94.81, 96.74, 93.89, 95.78, Low:, 93.84, Value:, 100.00
Bought:, 3/23/2012 12:00:00 AM, 97.66, 97.69, 95.12, 97.10, Sold:, 3/26/2012 12:00:00 AM, 98.06, 99.35, 97.67, 98.96, Low:, 95.12, Value:, 384.00
Bought:, 3/27/2012 12:00:00 AM, 98.96, 99.22, 97.47, 97.60, Sold:, 3/30/2012 12:00:00 AM, 94.86, 96.06, 93.37, 94.00, Low:, 91.65, Value:, -779.7600
Bought:, 4/4/2012 12:00:00 AM, 95.04, 96.02, 93.85, 94.45, Sold:, 4/5/2012 12:00:00 AM, 94.44, 96.33, 94.44, 95.53, Low:, 93.85, Value:, 168.00
Bought:, 4/9/2012 12:00:00 AM, 95.06, 95.48, 94.05, 95.27, Sold:, 4/12/2012 12:00:00 AM, 94.11, 95.21, 93.69, 95.08, Low:, 94.05, Value:, 103.00
Bought:, 4/18/2012 12:00:00 AM, 96.13, 97.66, 95.15, 97.02, Sold:, 4/19/2012 12:00:00 AM, 96.89, 97.23, 95.77, 96.50, Low:, 95.15, Value:, 135.00
Bought:, 4/20/2012 12:00:00 AM, 94.98, 102.86, 94.13, 101.53, Sold:, 4/23/2012 12:00:00 AM, 100.06, 100.99, 98.06, 100.45, Low:, 94.13, Value:, 632.00
Bought:, 4/24/2012 12:00:00 AM, 100.55, 100.74, 94.78, 95.34, Sold:, 4/25/2012 12:00:00 AM, 96.27, 97.37, 94.78, 96.66, Low:, 94.78, Value:, 188.00
Bought:, 5/1/2012 12:00:00 AM, 97.59, 99.44, 96.20, 98.31, Sold:, 5/2/2012 12:00:00 AM, 97.48, 101.77, 97.40, 101.11, Low:, 96.20, Value:, 491.00
Bought:, 5/4/2012 12:00:00 AM, 98.33, 98.93, 95.60, 96.53, Sold:, 5/9/2012 12:00:00 AM, 93.04, 95.12, 91.39, 93.94, Low:, 89.35, Value:, -764.8000
Bought:, 5/14/2012 12:00:00 AM, 93.98, 94.97, 92.84, 94.06, Sold:, 5/15/2012 12:00:00 AM, 94.59, 95.93, 94.07, 94.60, Low:, 92.84, Value:, 176.00
Bought:, 5/16/2012 12:00:00 AM, 94.65, 95.57, 93.50, 94.73, Sold:, 5/21/2012 12:00:00 AM, 89.00, 93.46, 88.78, 93.21, Low:, 88.60, Value:, -450.00
Bought:, 5/23/2012 12:00:00 AM, 93.70, 95.71, 92.95, 94.88, Sold:, 5/24/2012 12:00:00 AM, 94.85, 98.06, 94.53, 97.29, Low:, 92.95, Value:, 434.00
Bought:, 5/31/2012 12:00:00 AM, 100.43, 100.96, 98.54, 100.73, Sold:, 6/6/2012 12:00:00 AM, 99.83, 101.58, 99.39, 101.35, Low:, 98.54, Value:, 281.00
Bought:, 6/7/2012 12:00:00 AM, 100.00, 101.15, 97.85, 99.82, Sold:, 6/8/2012 12:00:00 AM, 99.67, 103.32, 99.12, 103.31, Low:, 97.85, Value:, 546.00
Bought:, 6/13/2012 12:00:00 AM, 105.50, 105.80, 100.61, 100.93, Sold:, 6/15/2012 12:00:00 AM, 101.81, 106.12, 101.68, 105.75, Low:, 100.61, Value:, 514.00
Bought:, 6/20/2012 12:00:00 AM, 106.22, 106.83, 104.77, 105.18, Sold:, 6/26/2012 12:00:00 AM, 97.63, 98.95, 96.51, 96.59, Low:, 95.66, Value:, -714.00
Bought:, 6/27/2012 12:00:00 AM, 96.07, 96.90, 92.13, 93.23, Sold:, 6/29/2012 12:00:00 AM, 91.04, 95.00, 91.04, 94.48, Low:, 92.13, Value:, 235.00
Bought:, 7/2/2012 12:00:00 AM, 93.38, 93.38, 90.22, 91.77, Sold:, 7/5/2012 12:00:00 AM, 92.44, 95.29, 91.65, 93.88, Low:, 90.22, Value:, 366.00
Bought:, 7/6/2012 12:00:00 AM, 93.00, 93.54, 91.28, 91.82, Sold:, 7/13/2012 12:00:00 AM, 46.79, 47.80, 46.77, 47.40, Low:, 44.07, Value:, -4449.00
Bought:, 7/16/2012 12:00:00 AM, 47.15, 47.35, 46.50, 47.05, Sold:, 7/17/2012 12:00:00 AM, 47.69, 49.33, 47.67, 48.64, Low:, 46.50, Value:, 214.00
Bought:, 7/20/2012 12:00:00 AM, 50.18, 50.29, 48.76, 49.59, Sold:, 7/24/2012 12:00:00 AM, 51.70, 55.00, 51.70, 52.79, Low:, 48.76, Value:, 403.00
Bought:, 7/31/2012 12:00:00 AM, 54.99, 55.20, 53.94, 54.44, Sold:, 8/3/2012 12:00:00 AM, 55.11, 56.40, 54.99, 56.11, Low:, 53.94, Value:, 217.00
Bought:, 8/8/2012 12:00:00 AM, 56.40, 57.22, 56.27, 56.69, Sold:, 8/9/2012 12:00:00 AM, 56.84, 57.80, 56.72, 57.35, Low:, 56.27, Value:, 108.00
Bought:, 8/10/2012 12:00:00 AM, 56.96, 57.60, 56.21, 56.76, Sold:, 8/14/2012 12:00:00 AM, 57.18, 57.23, 56.24, 56.42, Low:, 55.82, Value:, 100.00
Bought:, 8/15/2012 12:00:00 AM, 56.37, 56.41, 55.83, 55.96, Sold:, 8/17/2012 12:00:00 AM, 56.57, 58.16, 56.26, 57.73, Low:, 55.83, Value:, 190.00
Bought:, 8/21/2012 12:00:00 AM, 56.79, 57.68, 56.31, 56.59, Sold:, 8/28/2012 12:00:00 AM, 55.59, 57.68, 55.55, 57.39, Low:, 56.31, Value:, 108.00
Bought:, 8/30/2012 12:00:00 AM, 57.36, 58.24, 56.92, 57.68, Sold:, 8/31/2012 12:00:00 AM, 58.18, 58.71, 57.50, 58.21, Low:, 56.92, Value:, 129.00
Bought:, 9/4/2012 12:00:00 AM, 58.01, 59.19, 57.30, 58.70, Sold:, 9/5/2012 12:00:00 AM, 58.69, 58.90, 57.37, 57.45, Low:, 57.30, Value:, 100.00
Bought:, 9/11/2012 12:00:00 AM, 59.37, 59.37, 58.19, 59.22, Sold:, 9/12/2012 12:00:00 AM, 59.37, 60.11, 59.31, 59.51, Low:, 58.19, Value:, 132.00
Bought:, 9/13/2012 12:00:00 AM, 59.43, 60.22, 58.26, 59.30, Sold:, 9/14/2012 12:00:00 AM, 59.30, 60.96, 59.30, 60.03, Low:, 58.26, Value:, 177.00
Bought:, 9/17/2012 12:00:00 AM, 58.86, 59.40, 58.32, 59.05, Sold:, 9/27/2012 12:00:00 AM, 54.98, 56.64, 54.63, 56.00, Low:, 53.28, Value:, -334.00
Bought:, 10/2/2012 12:00:00 AM, 55.60, 56.32, 55.30, 55.88, Sold:, 10/4/2012 12:00:00 AM, 55.33, 56.95, 55.03, 56.38, Low:, 55.30, Value:, 108.00
Bought:, 10/8/2012 12:00:00 AM, 56.08, 57.32, 55.51, 55.61, Sold:, 10/16/2012 12:00:00 AM, 56.34, 58.25, 56.18, 58.08, Low:, 55.51, Value:, 257.00
Bought:, 10/19/2012 12:00:00 AM, 58.75, 59.20, 58.21, 58.75, Sold:, 10/31/2012 12:00:00 AM, 52.61, 53.35, 51.70, 52.26, Low:, 50.03, Value:, -560.00
Bought:, 11/1/2012 12:00:00 AM, 52.08, 53.16, 51.45, 53.12, Sold:, 11/2/2012 12:00:00 AM, 53.47, 54.37, 52.68, 52.68, Low:, 51.45, Value:, 123.00
Bought:, 11/5/2012 12:00:00 AM, 52.74, 53.12, 52.05, 53.00, Sold:, 11/6/2012 12:00:00 AM, 53.11, 53.66, 52.50, 53.60, Low:, 52.05, Value:, 155.00
Bought:, 11/7/2012 12:00:00 AM, 52.68, 53.13, 51.92, 52.86, Sold:, 11/12/2012 12:00:00 AM, 50.03, 50.48, 49.12, 49.62, Low:, 48.90, Value:, -415.3600
Bought:, 11/15/2012 12:00:00 AM, 49.80, 50.31, 48.98, 50.16, Sold:, 11/16/2012 12:00:00 AM, 50.35, 51.52, 49.30, 50.76, Low:, 48.98, Value:, 178.00
Bought:, 11/29/2012 12:00:00 AM, 54.92, 55.20, 53.15, 53.83, Sold:, 12/11/2012 12:00:00 AM, 50.30, 51.31, 50.20, 51.31, Low:, 49.63, Value:, -285.00
Bought:, 12/12/2012 12:00:00 AM, 50.42, 51.10, 50.07, 50.56, Sold:, 12/21/2012 12:00:00 AM, 46.92, 49.31, 46.89, 49.06, Low:, 46.81, Value:, -315.00
Bought:, 12/26/2012 12:00:00 AM, 49.97, 50.10, 47.55, 47.65, Sold:, 12/31/2012 12:00:00 AM, 47.13, 48.84, 47.12, 48.53, Low:, 47.11, Value:, 100.00
Bought:, 1/7/2013 12:00:00 AM, 48.31, 49.22, 48.03, 48.43, Sold:, 1/8/2013 12:00:00 AM, 48.43, 49.06, 48.14, 48.64, Low:, 48.03, Value:, 100.00
Bought:, 1/9/2013 12:00:00 AM, 48.69, 48.79, 46.39, 46.65, Sold:, 1/11/2013 12:00:00 AM, 47.68, 48.18, 47.11, 48.09, Low:, 46.39, Value:, 170.00
Bought:, 1/15/2013 12:00:00 AM, 47.89, 47.89, 46.80, 47.45, Sold:, 1/23/2013 12:00:00 AM, 47.00, 47.82, 46.61, 47.69, Low:, 45.38, Value:, 100.00
Bought:, 1/24/2013 12:00:00 AM, 46.48, 47.04, 44.32, 45.86, Sold:, 1/25/2013 12:00:00 AM, 46.90, 48.49, 46.74, 48.26, Low:, 44.32, Value:, 394.00
Bought:, 2/4/2013 12:00:00 AM, 50.24, 50.85, 49.65, 49.96, Sold:, 2/5/2013 12:00:00 AM, 50.00, 51.23, 50.00, 50.47, Low:, 49.65, Value:, 100.00
Bought:, 2/7/2013 12:00:00 AM, 50.24, 50.24, 49.14, 49.94, Sold:, 2/8/2013 12:00:00 AM, 50.22, 50.64, 49.87, 50.20, Low:, 49.14, Value:, 106.00
Bought:, 2/11/2013 12:00:00 AM, 49.99, 50.00, 49.16, 49.82, Sold:, 2/12/2013 12:00:00 AM, 49.99, 50.33, 49.39, 49.72, Low:, 49.16, Value:, 100.00
Bought:, 2/13/2013 12:00:00 AM, 49.71, 50.39, 48.48, 48.70, Sold:, 2/15/2013 12:00:00 AM, 48.95, 49.99, 48.85, 49.55, Low:, 48.48, Value:, 107.00
Bought:, 2/20/2013 12:00:00 AM, 49.84, 49.99, 48.70, 48.76, Sold:, 3/4/2013 12:00:00 AM, 49.21, 50.59, 49.09, 49.97, Low:, 48.70, Value:, 127.00
Bought:, 3/8/2013 12:00:00 AM, 50.59, 50.86, 48.75, 49.14, Sold:, 3/13/2013 12:00:00 AM, 48.52, 49.97, 48.52, 49.71, Low:, 48.12, Value:, 100.00
Bought:, 3/18/2013 12:00:00 AM, 50.16, 50.52, 49.81, 50.21, Sold:, 3/25/2013 12:00:00 AM, 50.98, 50.98, 50.22, 50.71, Low:, 49.20, Value:, 100.00
Bought:, 3/26/2013 12:00:00 AM, 50.76, 50.87, 49.89, 50.65, Sold:, 3/28/2013 12:00:00 AM, 50.71, 51.75, 50.71, 51.20, Low:, 49.89, Value:, 131.00
Bought:, 4/1/2013 12:00:00 AM, 51.10, 51.70, 50.29, 50.56, Sold:, 4/2/2013 12:00:00 AM, 50.96, 52.84, 50.68, 51.62, Low:, 50.29, Value:, 133.00
Bought:, 4/5/2013 12:00:00 AM, 52.45, 53.14, 51.69, 53.04, Sold:, 4/8/2013 12:00:00 AM, 53.00, 54.11, 52.92, 54.02, Low:, 51.69, Value:, 233.00
Bought:, 4/16/2013 12:00:00 AM, 56.61, 57.52, 55.70, 56.77, Sold:, 4/19/2013 12:00:00 AM, 57.87, 58.44, 55.28, 56.41, Low:, 55.17, Value:, 100.00
Bought:, 4/22/2013 12:00:00 AM, 55.82, 55.86, 54.70, 55.26, Sold:, 4/23/2013 12:00:00 AM, 55.67, 56.07, 54.88, 55.47, Low:, 54.70, Value:, 100.00
Bought:, 4/26/2013 12:00:00 AM, 56.52, 56.79, 55.50, 55.76, Sold:, 4/30/2013 12:00:00 AM, 56.00, 57.10, 55.70, 57.08, Low:, 55.50, Value:, 158.00
Bought:, 5/2/2013 12:00:00 AM, 56.98, 57.25, 56.18, 56.94, Sold:, 5/3/2013 12:00:00 AM, 57.26, 57.95, 57.10, 57.71, Low:, 56.18, Value:, 153.00
Bought:, 5/8/2013 12:00:00 AM, 57.67, 58.27, 57.35, 58.21, Sold:, 5/9/2013 12:00:00 AM, 58.21, 59.18, 58.11, 58.65, Low:, 57.35, Value:, 130.00
Bought:, 5/23/2013 12:00:00 AM, 62.75, 63.28, 62.00, 63.01, Sold:, 5/28/2013 12:00:00 AM, 63.36, 63.88, 63.00, 63.29, Low:, 62.00, Value:, 129.00
Bought:, 5/29/2013 12:00:00 AM, 62.82, 63.48, 62.36, 62.74, Sold:, 6/6/2013 12:00:00 AM, 59.49, 59.60, 58.72, 59.45, Low:, 58.70, Value:, -287.00
Bought:, 6/11/2013 12:00:00 AM, 59.54, 60.07, 59.20, 59.60, Sold:, 6/18/2013 12:00:00 AM, 59.64, 60.25, 59.43, 60.06, Low:, 59.24, Value:, 100.00
Bought:, 6/20/2013 12:00:00 AM, 59.23, 59.23, 57.40, 57.72, Sold:, 6/27/2013 12:00:00 AM, 58.16, 58.81, 57.66, 58.46, Low:, 57.40, Value:, 106.00
Bought:, 7/2/2013 12:00:00 AM, 59.96, 60.87, 59.45, 60.02, Sold:, 7/3/2013 12:00:00 AM, 59.63, 60.76, 59.58, 60.76, Low:, 59.45, Value:, 131.00
Bought:, 7/9/2013 12:00:00 AM, 61.70, 62.00, 60.90, 61.68, Sold:, 7/10/2013 12:00:00 AM, 61.72, 62.40, 61.32, 61.81, Low:, 60.90, Value:, 100.00
Bought:, 7/11/2013 12:00:00 AM, 62.25, 62.25, 59.90, 60.35, Sold:, 7/12/2013 12:00:00 AM, 60.35, 61.08, 60.35, 60.80, Low:, 59.90, Value:, 100.00
Bought:, 7/16/2013 12:00:00 AM, 60.89, 60.98, 59.45, 59.82, Sold:, 7/17/2013 12:00:00 AM, 59.96, 60.45, 59.82, 60.34, Low:, 59.45, Value:, 100.00
Bought:, 8/14/2013 12:00:00 AM, 73.95, 74.11, 72.62, 73.30, Sold:, 8/19/2013 12:00:00 AM, 69.02, 71.00, 68.94, 70.67, Low:, 68.86, Value:, -360.00
Bought:, 8/23/2013 12:00:00 AM, 72.22, 73.27, 71.74, 73.16, Sold:, 8/26/2013 12:00:00 AM, 73.57, 74.58, 73.33, 73.86, Low:, 71.74, Value:, 212.00
Bought:, 8/27/2013 12:00:00 AM, 73.05, 73.28, 71.79, 72.07, Sold:, 8/29/2013 12:00:00 AM, 72.35, 73.68, 72.35, 73.32, Low:, 71.79, Value:, 153.00
Bought:, 9/13/2013 12:00:00 AM, 79.00, 79.37, 78.27, 78.50, Sold:, 9/26/2013 12:00:00 AM, 77.83, 79.37, 77.83, 79.11, Low:, 77.41, Value:, 100.00
Bought:, 9/30/2013 12:00:00 AM, 79.08, 79.95, 78.67, 79.45, Sold:, 10/1/2013 12:00:00 AM, 80.39, 82.79, 80.27, 82.69, Low:, 78.67, Value:, 402.00
Bought:, 10/3/2013 12:00:00 AM, 82.61, 83.40, 79.67, 80.88, Sold:, 10/4/2013 12:00:00 AM, 80.70, 81.33, 80.46, 81.11, Low:, 79.67, Value:, 144.00
Bought:, 10/7/2013 12:00:00 AM, 80.45, 80.67, 79.36, 79.39, Sold:, 10/15/2013 12:00:00 AM, 79.40, 81.08, 79.35, 80.56, Low:, 79.36, Value:, 120.00
Bought:, 10/22/2013 12:00:00 AM, 84.68, 85.12, 82.30, 83.23, Sold:, 10/25/2013 12:00:00 AM, 80.38, 80.38, 78.50, 80.18, Low:, 77.35, Value:, -658.4000
Bought:, 10/29/2013 12:00:00 AM, 81.17, 81.50, 79.69, 81.07, Sold:, 10/30/2013 12:00:00 AM, 82.02, 82.03, 80.83, 81.46, Low:, 79.69, Value:, 177.00
Bought:, 10/31/2013 12:00:00 AM, 81.42, 81.95, 79.94, 81.15, Sold:, 11/8/2013 12:00:00 AM, 76.13, 78.97, 76.11, 78.94, Low:, 76.03, Value:, -381.00
Bought:, 11/18/2013 12:00:00 AM, 83.69, 83.82, 81.20, 81.51, Sold:, 12/5/2013 12:00:00 AM, 80.29, 82.23, 79.80, 81.97, Low:, 79.52, Value:, 100.00
Bought:, 12/10/2013 12:00:00 AM, 81.77, 83.24, 81.17, 83.07, Sold:, 12/11/2013 12:00:00 AM, 83.26, 85.65, 83.24, 84.47, Low:, 81.17, Value:, 330.00
Bought:, 12/12/2013 12:00:00 AM, 84.15, 84.45, 82.40, 84.18, Sold:, 12/13/2013 12:00:00 AM, 84.53, 85.00, 83.45, 83.69, Low:, 82.40, Value:, 129.00
Bought:, 12/17/2013 12:00:00 AM, 84.43, 84.77, 83.51, 84.62, Sold:, 12/18/2013 12:00:00 AM, 84.64, 86.59, 83.85, 86.33, Low:, 83.51, Value:, 282.00
Bought:, 12/23/2013 12:00:00 AM, 86.69, 86.93, 85.38, 85.93, Sold:, 12/24/2013 12:00:00 AM, 86.03, 86.53, 85.52, 86.25, Low:, 85.38, Value:, 100.00
Bought:, 12/27/2013 12:00:00 AM, 86.46, 87.37, 85.30, 85.98, Sold:, 12/30/2013 12:00:00 AM, 85.89, 87.26, 85.39, 86.95, Low:, 85.30, Value:, 165.00
Bought:, 1/2/2014 12:00:00 AM, 87.30, 88.03, 86.47, 86.98, Sold:, 1/3/2014 12:00:00 AM, 86.98, 87.48, 86.66, 86.99, Low:, 86.47, Value:, 100.00
Bought:, 1/6/2014 12:00:00 AM, 87.36, 87.70, 86.49, 86.61, Sold:, 1/7/2014 12:00:00 AM, 86.85, 87.53, 86.73, 86.78, Low:, 86.49, Value:, 100.00
Bought:, 1/8/2014 12:00:00 AM, 86.98, 86.98, 86.20, 86.90, Sold:, 1/9/2014 12:00:00 AM, 87.24, 88.28, 86.70, 87.89, Low:, 86.20, Value:, 169.00
Bought:, 1/13/2014 12:00:00 AM, 88.44, 88.75, 84.65, 84.93, Sold:, 1/15/2014 12:00:00 AM, 85.51, 85.83, 84.41, 85.03, Low:, 84.18, Value:, 100.00
Bought:, 1/16/2014 12:00:00 AM, 84.68, 84.99, 82.02, 82.42, Sold:, 1/21/2014 12:00:00 AM, 82.29, 85.42, 82.29, 84.78, Low:, 82.02, Value:, 276.00
Bought:, 1/23/2014 12:00:00 AM, 83.80, 84.04, 82.58, 83.90, Sold:, 1/24/2014 12:00:00 AM, 83.10, 84.60, 83.00, 83.49, Low:, 82.58, Value:, 100.00
Bought:, 1/27/2014 12:00:00 AM, 83.45, 84.24, 82.16, 82.93, Sold:, 1/28/2014 12:00:00 AM, 83.59, 86.00, 83.59, 85.78, Low:, 82.16, Value:, 362.00
Bought:, 2/4/2014 12:00:00 AM, 105.75, 106.68, 104.24, 104.65, Sold:, 2/6/2014 12:00:00 AM, 105.21, 106.90, 104.66, 106.17, Low:, 104.24, Value:, 193.00
Bought:, 2/12/2014 12:00:00 AM, 108.70, 109.50, 107.08, 107.96, Sold:, 2/13/2014 12:00:00 AM, 107.22, 109.83, 107.09, 108.58, Low:, 107.08, Value:, 150.00
Bought:, 2/14/2014 12:00:00 AM, 107.72, 108.04, 105.17, 106.00, Sold:, 2/19/2014 12:00:00 AM, 107.63, 108.26, 106.83, 107.03, Low:, 105.17, Value:, 186.00
Bought:, 2/20/2014 12:00:00 AM, 107.00, 108.44, 106.52, 107.19, Sold:, 2/21/2014 12:00:00 AM, 107.74, 114.22, 107.65, 112.68, Low:, 106.52, Value:, 616.00
Bought:, 2/27/2014 12:00:00 AM, 116.14, 116.64, 114.68, 116.35, Sold:, 3/4/2014 12:00:00 AM, 115.75, 117.35, 115.35, 117.18, Low:, 114.68, Value:, 250.00
Bought:, 3/5/2014 12:00:00 AM, 117.19, 117.60, 115.04, 116.06, Sold:, 3/7/2014 12:00:00 AM, 116.73, 118.71, 115.89, 116.41, Low:, 115.04, Value:, 137.00
Bought:, 3/10/2014 12:00:00 AM, 116.40, 117.44, 115.38, 117.40, Sold:, 3/11/2014 12:00:00 AM, 117.48, 118.87, 116.20, 116.50, Low:, 115.38, Value:, 112.00
Bought:, 3/12/2014 12:00:00 AM, 116.08, 117.52, 114.69, 117.42, Sold:, 3/13/2014 12:00:00 AM, 117.65, 117.90, 115.60, 116.41, Low:, 114.69, Value:, 172.00
Bought:, 3/14/2014 12:00:00 AM, 116.00, 118.21, 115.35, 117.35, Sold:, 3/17/2014 12:00:00 AM, 119.65, 121.43, 119.28, 119.67, Low:, 115.35, Value:, 432.00
Bought:, 3/20/2014 12:00:00 AM, 120.17, 122.03, 118.76, 121.85, Sold:, 3/21/2014 12:00:00 AM, 122.45, 122.99, 119.84, 120.16, Low:, 118.76, Value:, 140.00
Bought:, 3/24/2014 12:00:00 AM, 121.27, 121.50, 115.78, 118.64, Sold:, 4/2/2014 12:00:00 AM, 116.88, 119.78, 116.28, 118.88, Low:, 115.78, Value:, 310.00
Bought:, 4/3/2014 12:00:00 AM, 119.03, 119.68, 112.14, 112.66, Sold:, 4/8/2014 12:00:00 AM, 102.40, 106.31, 102.25, 105.86, Low:, 100.65, Value:, -974.00
Bought:, 4/10/2014 12:00:00 AM, 108.50, 108.53, 101.85, 102.24, Sold:, 4/16/2014 12:00:00 AM, 53.51, 54.26, 52.11, 53.75, Low:, 50.56, Value:, -4834.00
Bought:, 4/21/2014 12:00:00 AM, 53.50, 53.69, 52.45, 53.01, Sold:, 4/22/2014 12:00:00 AM, 53.70, 54.00, 53.01, 53.87, Low:, 52.45, Value:, 142.00
Bought:, 4/24/2014 12:00:00 AM, 51.89, 52.31, 48.78, 50.42, Sold:, 4/29/2014 12:00:00 AM, 46.79, 47.46, 46.01, 47.17, Low:, 45.45, Value:, -199.00
Bought:, 5/2/2014 12:00:00 AM, 49.45, 49.75, 48.30, 48.84, Sold:, 5/8/2014 12:00:00 AM, 46.43, 47.97, 46.10, 46.57, Low:, 45.60, Value:, -386.4000
Bought:, 5/9/2014 12:00:00 AM, 46.27, 47.00, 45.77, 46.79, Sold:, 5/12/2014 12:00:00 AM, 46.90, 48.98, 46.90, 48.95, Low:, 45.77, Value:, 318.00
Bought:, 5/14/2014 12:00:00 AM, 48.07, 48.50, 47.15, 47.32, Sold:, 5/22/2014 12:00:00 AM, 47.03, 48.42, 46.80, 47.89, Low:, 46.55, Value:, 100.00
Bought:, 6/11/2014 12:00:00 AM, 55.66, 56.07, 55.37, 56.03, Sold:, 6/12/2014 12:00:00 AM, 55.80, 57.00, 55.77, 56.61, Low:, 55.37, Value:, 124.00
Bought:, 6/18/2014 12:00:00 AM, 59.52, 59.81, 58.04, 59.65, Sold:, 6/19/2014 12:00:00 AM, 59.74, 59.74, 58.27, 58.74, Low:, 58.04, Value:, 100.00
Bought:, 6/23/2014 12:00:00 AM, 59.05, 59.15, 57.89, 58.45, Sold:, 6/25/2014 12:00:00 AM, 57.79, 59.20, 57.76, 59.16, Low:, 57.89, Value:, 127.00
Bought:, 6/30/2014 12:00:00 AM, 59.48, 60.17, 59.07, 59.49, Sold:, 7/1/2014 12:00:00 AM, 59.72, 60.79, 59.42, 60.28, Low:, 59.07, Value:, 121.00
Bought:, 7/2/2014 12:00:00 AM, 60.37, 60.57, 59.18, 59.26, Sold:, 7/3/2014 12:00:00 AM, 59.66, 60.40, 59.46, 60.25, Low:, 59.18, Value:, 107.00
Bought:, 7/7/2014 12:00:00 AM, 60.19, 60.59, 58.87, 59.33, Sold:, 7/9/2014 12:00:00 AM, 58.53, 59.97, 58.43, 59.91, Low:, 58.87, Value:, 104.00
Bought:, 7/10/2014 12:00:00 AM, 58.67, 58.95, 57.33, 58.19, Sold:, 7/11/2014 12:00:00 AM, 58.46, 58.82, 58.25, 58.74, Low:, 57.33, Value:, 141.00
Bought:, 7/15/2014 12:00:00 AM, 58.70, 58.81, 57.60, 58.37, Sold:, 7/18/2014 12:00:00 AM, 57.50, 58.77, 57.23, 58.61, Low:, 57.60, Value:, 101.00
Bought:, 7/28/2014 12:00:00 AM, 69.05, 70.09, 68.34, 69.63, Sold:, 7/29/2014 12:00:00 AM, 69.98, 69.98, 68.68, 68.85, Low:, 68.34, Value:, 100.00
Bought:, 7/31/2014 12:00:00 AM, 68.26, 68.97, 66.28, 66.75, Sold:, 8/1/2014 12:00:00 AM, 66.92, 67.89, 66.45, 67.44, Low:, 66.28, Value:, 116.00
Bought:, 8/6/2014 12:00:00 AM, 67.61, 68.92, 67.18, 68.24, Sold:, 8/7/2014 12:00:00 AM, 68.50, 68.99, 67.41, 67.74, Low:, 67.18, Value:, 100.00
Bought:, 8/8/2014 12:00:00 AM, 67.95, 68.59, 67.17, 68.49, Sold:, 8/11/2014 12:00:00 AM, 68.90, 69.40, 68.15, 68.90, Low:, 67.17, Value:, 173.00
Bought:, 8/12/2014 12:00:00 AM, 69.03, 70.07, 68.10, 68.36, Sold:, 8/14/2014 12:00:00 AM, 69.39, 69.45, 68.36, 68.80, Low:, 68.00, Value:, 100.00
Bought:, 8/15/2014 12:00:00 AM, 69.23, 69.51, 68.09, 68.84, Sold:, 8/18/2014 12:00:00 AM, 69.40, 70.41, 69.24, 70.18, Low:, 68.09, Value:, 209.00
Bought:, 8/20/2014 12:00:00 AM, 69.79, 71.27, 69.59, 70.56, Sold:, 8/25/2014 12:00:00 AM, 71.17, 71.39, 70.46, 70.55, Low:, 68.89, Value:, 100.00
Bought:, 8/26/2014 12:00:00 AM, 70.64, 71.19, 70.00, 70.82, Sold:, 9/2/2014 12:00:00 AM, 68.56, 71.17, 68.40, 71.13, Low:, 70.00, Value:, 113.00
Bought:, 9/9/2014 12:00:00 AM, 72.86, 72.86, 70.37, 70.60, Sold:, 9/16/2014 12:00:00 AM, 67.00, 68.03, 66.51, 67.75, Low:, 66.23, Value:, -337.00
Bought:, 9/19/2014 12:00:00 AM, 70.06, 70.16, 68.25, 68.41, Sold:, 9/26/2014 12:00:00 AM, 69.26, 70.57, 69.10, 69.82, Low:, 68.25, Value:, 157.00
Bought:, 9/29/2014 12:00:00 AM, 68.90, 70.29, 68.76, 70.12, Sold:, 9/30/2014 12:00:00 AM, 70.07, 70.50, 68.88, 69.10, Low:, 68.76, Value:, 100.00
Bought:, 10/1/2014 12:00:00 AM, 68.90, 69.01, 65.62, 66.37, Sold:, 10/3/2014 12:00:00 AM, 67.49, 68.34, 67.15, 67.84, Low:, 65.62, Value:, 222.00
Bought:, 10/6/2014 12:00:00 AM, 68.28, 68.40, 66.50, 66.80, Sold:, 10/9/2014 12:00:00 AM, 67.45, 67.89, 65.11, 65.37, Low:, 64.88, Value:, 100.00
Bought:, 10/10/2014 12:00:00 AM, 65.37, 65.92, 63.26, 63.72, Sold:, 10/16/2014 12:00:00 AM, 61.69, 64.82, 61.56, 64.63, Low:, 63.26, Value:, 137.00
Bought:, 10/20/2014 12:00:00 AM, 65.07, 65.54, 64.60, 65.11, Sold:, 10/21/2014 12:00:00 AM, 65.73, 67.49, 65.68, 67.45, Low:, 64.60, Value:, 285.00
Bought:, 10/23/2014 12:00:00 AM, 62.79, 67.40, 61.82, 64.34, Sold:, 10/24/2014 12:00:00 AM, 64.35, 65.05, 63.88, 64.25, Low:, 61.82, Value:, 243.00
Bought:, 10/27/2014 12:00:00 AM, 64.14, 65.15, 63.78, 64.71, Sold:, 10/28/2014 12:00:00 AM, 64.71, 64.90, 63.97, 64.30, Low:, 63.78, Value:, 100.00
Bought:, 10/29/2014 12:00:00 AM, 64.06, 64.36, 63.59, 64.27, Sold:, 10/30/2014 12:00:00 AM, 64.24, 65.06, 63.99, 64.23, Low:, 63.59, Value:, 100.00
Bought:, 11/4/2014 12:00:00 AM, 65.55, 65.69, 64.61, 64.79, Sold:, 11/6/2014 12:00:00 AM, 64.46, 66.32, 64.34, 66.28, Low:, 64.61, Value:, 167.00
Bought:, 11/17/2014 12:00:00 AM, 68.85, 69.46, 68.38, 68.89, Sold:, 11/18/2014 12:00:00 AM, 69.25, 69.65, 68.50, 69.37, Low:, 68.38, Value:, 100.00
Bought:, 11/19/2014 12:00:00 AM, 69.30, 70.72, 68.37, 70.48, Sold:, 11/20/2014 12:00:00 AM, 70.20, 70.92, 69.63, 70.41, Low:, 68.37, Value:, 204.00
Bought:, 11/21/2014 12:00:00 AM, 71.19, 71.19, 68.72, 69.30, Sold:, 11/24/2014 12:00:00 AM, 69.66, 70.14, 69.37, 70.00, Low:, 68.72, Value:, 128.00
Bought:, 12/1/2014 12:00:00 AM, 72.55, 72.75, 69.67, 69.78, Sold:, 12/17/2014 12:00:00 AM, 66.45, 69.32, 66.45, 69.15, Low:, 66.37, Value:, -322.00
Bought:, 12/19/2014 12:00:00 AM, 70.79, 71.00, 69.04, 69.09, Sold:, 1/7/2015 12:00:00 AM, 65.12, 66.72, 65.02, 66.56, Low:, 64.12, Value:, -392.00
Bought:, 1/12/2015 12:00:00 AM, 67.76, 67.97, 66.78, 67.13, Sold:, 1/22/2015 12:00:00 AM, 67.08, 69.65, 66.47, 69.42, Low:, 66.78, Value:, 264.00
Bought:, 2/2/2015 12:00:00 AM, 72.20, 72.52, 71.01, 71.95, Sold:, 2/3/2015 12:00:00 AM, 72.57, 72.88, 71.88, 72.83, Low:, 71.01, Value:, 182.00
Bought:, 2/9/2015 12:00:00 AM, 73.92, 73.92, 72.17, 72.68, Sold:, 2/10/2015 12:00:00 AM, 73.29, 73.68, 72.72, 73.37, Low:, 72.17, Value:, 120.00
Bought:, 2/17/2015 12:00:00 AM, 73.56, 74.10, 72.72, 72.90, Sold:, 2/19/2015 12:00:00 AM, 74.05, 74.17, 73.43, 73.83, Low:, 72.72, Value:, 111.00
Bought:, 2/20/2015 12:00:00 AM, 73.74, 75.20, 73.29, 75.03, Sold:, 2/23/2015 12:00:00 AM, 75.80, 76.32, 75.56, 75.87, Low:, 73.29, Value:, 258.00
Bought:, 2/24/2015 12:00:00 AM, 75.87, 76.50, 75.35, 75.55, Sold:, 2/25/2015 12:00:00 AM, 75.92, 77.23, 75.88, 76.45, Low:, 75.35, Value:, 110.00
Bought:, 3/3/2015 12:00:00 AM, 77.07, 77.07, 76.03, 76.44, Sold:, 3/13/2015 12:00:00 AM, 76.49, 77.19, 75.44, 76.05, Low:, 74.75, Value:, 100.00
Bought:, 3/24/2015 12:00:00 AM, 81.65, 81.91, 81.06, 81.50, Sold:, 4/8/2015 12:00:00 AM, 81.27, 82.80, 81.14, 82.72, Low:, 81.06, Value:, 166.00
Bought:, 4/14/2015 12:00:00 AM, 85.51, 85.68, 83.34, 84.01, Sold:, 4/15/2015 12:00:00 AM, 84.49, 84.87, 83.73, 84.21, Low:, 83.34, Value:, 100.00
Bought:, 4/21/2015 12:00:00 AM, 85.78, 85.78, 83.18, 83.52, Sold:, 5/1/2015 12:00:00 AM, 77.81, 78.38, 77.51, 77.96, Low:, 77.06, Value:, -537.00
Bought:, 5/4/2015 12:00:00 AM, 78.11, 78.39, 76.80, 77.11, Sold:, 5/7/2015 12:00:00 AM, 77.00, 78.35, 76.83, 77.76, Low:, 76.15, Value:, 100.00
Bought:, 5/11/2015 12:00:00 AM, 79.02, 79.44, 78.21, 78.26, Sold:, 5/19/2015 12:00:00 AM, 79.01, 79.39, 78.43, 78.58, Low:, 77.82, Value:, 100.00
Bought:, 5/20/2015 12:00:00 AM, 78.73, 78.85, 77.66, 78.59, Sold:, 5/21/2015 12:00:00 AM, 78.59, 78.79, 77.70, 78.20, Low:, 77.66, Value:, 100.00

 Bought:, 5/26/2015 12:00:00 AM, 78.15, 78.44, 77.61, 77.72
 Last:, 5/27/2015 12:00:00 AM, 77.56, 77.70, 76.67, 76.92
Daily Low:, 5/27/2015 12:00:00 AM, 77.56, 77.70, 76.67, 76.92
 Date:, 5/27/2015 12:00:00 AM
  Low:, 76.67
gains:, 68666.00
 loss:, -40605.9600
  sum:, 28060.0400
