Bought:, 5/30/1995 12:00:00 AM, 64.25, 64.50, 64.125, 64.125, Sold:, 5/31/1995 12:00:00 AM, 64.25, 66.25, 64.125, 66.125, Low:, 64.125, Value:, 200.000
Bought:, 6/5/1995 12:00:00 AM, 66.125, 66.375, 65.375, 65.875, Sold:, 6/6/1995 12:00:00 AM, 65.875, 66.75, 65.875, 66.375, Low:, 65.375, Value:, 100.000
Bought:, 6/7/1995 12:00:00 AM, 66.25, 66.375, 65.625, 66.25, Sold:, 6/8/1995 12:00:00 AM, 65.75, 66.75, 65.625, 66.375, Low:, 65.625, Value:, 100.00
Bought:, 6/20/1995 12:00:00 AM, 69.125, 69.125, 68.125, 68.375, Sold:, 6/21/1995 12:00:00 AM, 68.50, 70.00, 68.25, 69.625, Low:, 68.125, Value:, 150.000
Bought:, 6/26/1995 12:00:00 AM, 71.125, 71.25, 69.50, 69.50, Sold:, 7/27/1995 12:00:00 AM, 71.00, 71.75, 70.875, 71.50, Low:, 69.50, Value:, 200.00
Bought:, 7/28/1995 12:00:00 AM, 71.75, 71.75, 70.75, 71.75, Sold:, 7/31/1995 12:00:00 AM, 71.25, 71.75, 71.125, 71.75, Low:, 70.75, Value:, 100.00
Bought:, 8/1/1995 12:00:00 AM, 71.50, 71.50, 70.75, 71.125, Sold:, 9/14/1995 12:00:00 AM, 70.50, 71.875, 70.375, 71.875, Low:, 70.75, Value:, 112.500
Bought:, 9/18/1995 12:00:00 AM, 71.375, 71.875, 70.875, 71.375, Sold:, 9/19/1995 12:00:00 AM, 71.625, 72.375, 71.50, 72.125, Low:, 70.875, Value:, 125.000
Bought:, 9/27/1995 12:00:00 AM, 74.00, 74.875, 73.375, 74.625, Sold:, 10/3/1995 12:00:00 AM, 73.625, 74.875, 73.625, 74.75, Low:, 73.375, Value:, 137.500
Bought:, 10/10/1995 12:00:00 AM, 75.75, 76.875, 75.75, 76.125, Sold:, 10/12/1995 12:00:00 AM, 76.25, 76.75, 76.25, 76.50, Low:, 75.75, Value:, 100.00
Bought:, 10/17/1995 12:00:00 AM, 77.50, 77.625, 76.75, 77.50, Sold:, 10/18/1995 12:00:00 AM, 77.50, 78.875, 77.125, 78.125, Low:, 76.75, Value:, 137.500
Bought:, 10/20/1995 12:00:00 AM, 78.875, 79.75, 78.125, 79.75, Sold:, 10/23/1995 12:00:00 AM, 79.50, 80.875, 79.375, 80.75, Low:, 78.125, Value:, 262.500
Bought:, 10/26/1995 12:00:00 AM, 81.50, 82.25, 80.25, 80.375, Sold:, 10/30/1995 12:00:00 AM, 80.75, 81.875, 80.625, 81.625, Low:, 80.25, Value:, 137.500
Bought:, 11/1/1995 12:00:00 AM, 81.25, 82.00, 81.00, 81.75, Sold:, 11/8/1995 12:00:00 AM, 82.00, 82.25, 81.375, 82.125, Low:, 81.00, Value:, 112.500
Bought:, 11/9/1995 12:00:00 AM, 82.00, 82.00, 81.00, 81.375, Sold:, 11/14/1995 12:00:00 AM, 83.50, 84.875, 83.125, 83.125, Low:, 81.00, Value:, 212.500
Bought:, 11/17/1995 12:00:00 AM, 84.25, 84.75, 83.75, 84.375, Sold:, 11/21/1995 12:00:00 AM, 83.75, 85.50, 83.75, 85.375, Low:, 83.75, Value:, 162.500
Bought:, 11/27/1995 12:00:00 AM, 84.625, 85.25, 84.00, 84.375, Sold:, 11/28/1995 12:00:00 AM, 84.625, 85.25, 84.25, 85.25, Low:, 84.00, Value:, 125.00
Bought:, 12/4/1995 12:00:00 AM, 86.00, 87.75, 85.375, 87.75, Sold:, 12/5/1995 12:00:00 AM, 87.50, 90.25, 87.50, 89.50, Low:, 85.375, Value:, 412.500
Bought:, 12/8/1995 12:00:00 AM, 91.00, 91.25, 89.625, 90.25, Sold:, 12/11/1995 12:00:00 AM, 90.00, 91.125, 89.75, 90.125, Low:, 89.625, Value:, 100.00
Bought:, 12/15/1995 12:00:00 AM, 91.50, 91.875, 90.625, 91.375, Sold:, 1/24/1996 12:00:00 AM, 90.00, 93.75, 89.25, 93.75, Low:, 90.625, Value:, 312.500
Bought:, 2/1/1996 12:00:00 AM, 96.25, 96.25, 94.25, 94.375, Sold:, 2/2/1996 12:00:00 AM, 94.375, 97.50, 94.375, 95.875, Low:, 94.25, Value:, 162.500
Bought:, 2/7/1996 12:00:00 AM, 96.75, 97.00, 95.875, 97.00, Sold:, 2/8/1996 12:00:00 AM, 97.125, 99.125, 97.125, 98.75, Low:, 95.875, Value:, 287.500
Bought:, 2/12/1996 12:00:00 AM, 99.125, 99.375, 98.375, 98.875, Sold:, 2/13/1996 12:00:00 AM, 98.75, 99.625, 98.75, 99.00, Low:, 98.375, Value:, 100.00
Bought:, 2/14/1996 12:00:00 AM, 99.00, 99.00, 97.375, 97.625, Sold:, 5/31/1996 12:00:00 AM, 97.75, 98.375, 97.125, 97.375, Low:, 95.50, Value:, 100.00
Bought:, 6/3/1996 12:00:00 AM, 97.00, 97.625, 96.75, 97.00, Sold:, 6/4/1996 12:00:00 AM, 97.75, 98.50, 97.625, 98.25, Low:, 96.75, Value:, 150.00
Bought:, 6/7/1996 12:00:00 AM, 96.375, 99.00, 96.25, 98.625, Sold:, 6/10/1996 12:00:00 AM, 99.125, 99.75, 98.75, 99.375, Low:, 96.25, Value:, 312.500
Bought:, 6/12/1996 12:00:00 AM, 50.375, 50.75, 49.625, 50.00, Sold:, 8/5/1996 12:00:00 AM, 50.125, 50.75, 50.00, 50.375, Low:, 49.50, Value:, 100.00
Bought:, 8/12/1996 12:00:00 AM, 51.125, 52.625, 50.75, 52.625, Sold:, 8/13/1996 12:00:00 AM, 52.375, 53.125, 52.125, 52.50, Low:, 50.75, Value:, 175.00
Bought:, 8/16/1996 12:00:00 AM, 52.50, 52.625, 51.50, 51.625, Sold:, 8/19/1996 12:00:00 AM, 52.125, 52.875, 52.00, 52.125, Low:, 51.50, Value:, 100.00
Bought:, 8/20/1996 12:00:00 AM, 52.125, 52.375, 51.625, 51.75, Sold:, 10/14/1996 12:00:00 AM, 51.50, 52.875, 51.50, 52.50, Low:, 50.875, Value:, 100.00
Bought:, 10/15/1996 12:00:00 AM, 52.25, 52.625, 51.00, 51.25, Sold:, 10/17/1996 12:00:00 AM, 51.625, 52.625, 51.50, 52.375, Low:, 51.00, Value:, 137.500
Bought:, 10/21/1996 12:00:00 AM, 52.00, 52.00, 50.50, 50.75, Sold:, 11/6/1996 12:00:00 AM, 50.50, 52.625, 50.375, 52.50, Low:, 50.50, Value:, 200.00
Bought:, 11/8/1996 12:00:00 AM, 51.75, 51.75, 51.00, 51.50, Sold:, 11/21/1996 12:00:00 AM, 52.00, 52.375, 51.625, 52.125, Low:, 51.00, Value:, 112.500
Bought:, 11/29/1996 12:00:00 AM, 53.375, 53.625, 53.125, 53.25, Sold:, 1/22/1997 12:00:00 AM, 54.875, 58.00, 54.625, 57.375, Low:, 53.125, Value:, 425.000
Bought:, 1/24/1997 12:00:00 AM, 56.00, 56.25, 54.50, 55.125, Sold:, 1/30/1997 12:00:00 AM, 55.75, 57.00, 55.625, 56.875, Low:, 54.50, Value:, 237.500
Bought:, 2/5/1997 12:00:00 AM, 58.875, 59.625, 56.625, 57.375, Sold:, 2/6/1997 12:00:00 AM, 57.625, 58.875, 57.125, 58.875, Low:, 56.625, Value:, 225.000
Bought:, 2/18/1997 12:00:00 AM, 61.625, 62.75, 61.00, 62.75, Sold:, 2/19/1997 12:00:00 AM, 62.625, 62.75, 61.50, 61.625, Low:, 61.00, Value:, 100.00
Bought:, 2/20/1997 12:00:00 AM, 60.625, 60.875, 59.75, 60.25, Sold:, 2/24/1997 12:00:00 AM, 60.125, 61.25, 60.00, 60.75, Low:, 59.75, Value:, 100.00
Bought:, 2/25/1997 12:00:00 AM, 60.75, 60.875, 59.375, 60.00, Sold:, 3/7/1997 12:00:00 AM, 59.25, 61.00, 59.25, 60.625, Low:, 59.375, Value:, 125.000
Bought:, 3/11/1997 12:00:00 AM, 61.25, 61.375, 60.75, 60.875, Sold:, 4/2/1997 12:00:00 AM, 54.125, 55.50, 53.625, 54.375, Low:, 52.625, Value:, -662.500
Bought:, 4/3/1997 12:00:00 AM, 54.375, 55.00, 52.875, 54.00, Sold:, 4/7/1997 12:00:00 AM, 55.375, 55.50, 54.375, 54.50, Low:, 52.875, Value:, 162.500
Bought:, 4/8/1997 12:00:00 AM, 54.50, 54.75, 53.625, 54.50, Sold:, 4/15/1997 12:00:00 AM, 54.25, 55.125, 53.875, 55.00, Low:, 53.625, Value:, 137.500
Bought:, 4/25/1997 12:00:00 AM, 57.875, 58.625, 57.50, 58.125, Sold:, 4/28/1997 12:00:00 AM, 58.00, 59.625, 58.00, 59.50, Low:, 57.50, Value:, 200.00
Bought:, 5/1/1997 12:00:00 AM, 60.625, 60.75, 58.875, 59.625, Sold:, 5/2/1997 12:00:00 AM, 60.00, 61.875, 59.875, 61.375, Low:, 58.875, Value:, 250.000
Bought:, 5/6/1997 12:00:00 AM, 61.75, 62.25, 60.875, 61.50, Sold:, 5/12/1997 12:00:00 AM, 61.625, 62.00, 61.125, 62.00, Low:, 60.875, Value:, 112.500
Bought:, 5/14/1997 12:00:00 AM, 62.25, 62.625, 61.125, 61.25, Sold:, 6/10/1997 12:00:00 AM, 62.125, 62.125, 61.625, 61.875, Low:, 60.125, Value:, 100.00
Bought:, 6/17/1997 12:00:00 AM, 65.75, 65.875, 64.625, 65.00, Sold:, 6/19/1997 12:00:00 AM, 64.75, 65.875, 64.50, 65.75, Low:, 64.625, Value:, 112.500
Bought:, 6/23/1997 12:00:00 AM, 65.625, 65.875, 63.875, 64.00, Sold:, 6/24/1997 12:00:00 AM, 64.5625, 66.375, 63.875, 66.375, Low:, 63.875, Value:, 250.000
Bought:, 6/26/1997 12:00:00 AM, 65.1875, 65.50, 62.625, 63.875, Sold:, 6/27/1997 12:00:00 AM, 64.375, 65.375, 63.50, 64.375, Low:, 62.625, Value:, 175.000
Bought:, 6/30/1997 12:00:00 AM, 64.875, 64.875, 63.25, 64.375, Sold:, 7/3/1997 12:00:00 AM, 64.50, 64.6875, 63.8125, 64.1875, Low:, 62.6875, Value:, 100.00
Bought:, 7/9/1997 12:00:00 AM, 65.5625, 65.625, 62.75, 63.6875, Sold:, 7/14/1997 12:00:00 AM, 63.4375, 63.9375, 62.8125, 62.9375, Low:, 62.00, Value:, 100.00
Bought:, 7/15/1997 12:00:00 AM, 64.375, 64.375, 61.5625, 61.75, Sold:, 7/16/1997 12:00:00 AM, 61.9375, 62.75, 61.8125, 62.00, Low:, 61.5625, Value:, 100.00
Bought:, 7/18/1997 12:00:00 AM, 62.50, 62.5625, 60.1875, 60.1875, Sold:, 7/22/1997 12:00:00 AM, 61.8125, 62.9375, 61.125, 62.9375, Low:, 60.1875, Value:, 275.0000
Bought:, 7/24/1997 12:00:00 AM, 62.875, 62.875, 60.75, 61.875, Sold:, 7/30/1997 12:00:00 AM, 61.8125, 61.875, 61.375, 61.625, Low:, 60.125, Value:, 100.00
Bought:, 8/1/1997 12:00:00 AM, 62.00, 62.4375, 60.6875, 61.0625, Sold:, 8/5/1997 12:00:00 AM, 61.125, 61.8125, 61.125, 61.4375, Low:, 60.625, Value:, 100.00
Bought:, 8/7/1997 12:00:00 AM, 62.1875, 62.4375, 60.50, 60.6875, Sold:, 10/8/1997 12:00:00 AM, 61.6875, 62.125, 60.375, 61.00, Low:, 59.6875, Value:, 100.00
Bought:, 10/9/1997 12:00:00 AM, 60.50, 60.75, 59.75, 60.50, Sold:, 10/13/1997 12:00:00 AM, 60.5625, 61.00, 60.50, 60.625, Low:, 59.625, Value:, 100.00
Bought:, 10/14/1997 12:00:00 AM, 60.875, 61.0625, 59.1875, 60.4375, Sold:, 10/21/1997 12:00:00 AM, 59.125, 60.375, 59.0625, 59.8125, Low:, 57.625, Value:, 100.00
Bought:, 10/23/1997 12:00:00 AM, 58.50, 59.4375, 57.9375, 58.50, Sold:, 11/3/1997 12:00:00 AM, 58.4375, 59.25, 58.1875, 59.00, Low:, 57.9375, Value:, 106.2500
Bought:, 11/6/1997 12:00:00 AM, 60.00, 60.3125, 59.875, 60.1875, Sold:, 11/11/1997 12:00:00 AM, 60.125, 61.125, 60.0625, 60.5625, Low:, 59.625, Value:, 100.00
Bought:, 11/12/1997 12:00:00 AM, 60.00, 60.25, 58.1875, 58.375, Sold:, 11/13/1997 12:00:00 AM, 59.00, 60.1875, 58.6875, 59.9375, Low:, 58.1875, Value:, 175.0000
Bought:, 11/18/1997 12:00:00 AM, 63.4375, 64.1875, 62.6875, 63.00, Sold:, 11/20/1997 12:00:00 AM, 63.75, 64.75, 63.625, 64.25, Low:, 62.6875, Value:, 156.2500
Bought:, 11/26/1997 12:00:00 AM, 63.75, 63.9375, 62.6875, 62.6875, Sold:, 12/1/1997 12:00:00 AM, 63.375, 64.8125, 63.125, 64.6875, Low:, 62.6875, Value:, 200.0000
Bought:, 12/3/1997 12:00:00 AM, 64.375, 64.75, 63.9375, 64.50, Sold:, 12/4/1997 12:00:00 AM, 64.9375, 65.50, 64.00, 64.375, Low:, 63.9375, Value:, 100.00
Bought:, 12/5/1997 12:00:00 AM, 63.9375, 65.375, 63.8125, 65.1875, Sold:, 12/8/1997 12:00:00 AM, 65.1875, 65.4375, 64.6875, 65.1875, Low:, 63.8125, Value:, 137.5000
Bought:, 12/10/1997 12:00:00 AM, 65.0625, 66.1875, 64.75, 66.00, Sold:, 12/11/1997 12:00:00 AM, 65.8125, 65.8125, 64.875, 65.1875, Low:, 64.75, Value:, 100.00
Bought:, 12/12/1997 12:00:00 AM, 65.25, 65.375, 63.9375, 64.00, Sold:, 12/15/1997 12:00:00 AM, 64.0625, 65.50, 64.0625, 65.00, Low:, 63.9375, Value:, 106.2500
Bought:, 12/19/1997 12:00:00 AM, 66.0625, 66.75, 64.875, 66.25, Sold:, 12/22/1997 12:00:00 AM, 66.50, 67.0625, 65.50, 66.9375, Low:, 64.875, Value:, 206.2500
Bought:, 12/24/1997 12:00:00 AM, 66.1875, 66.25, 64.9375, 65.0625, Sold:, 12/30/1997 12:00:00 AM, 65.50, 66.25, 65.25, 66.25, Low:, 64.9375, Value:, 131.2500
Bought:, 1/2/1998 12:00:00 AM, 65.0625, 65.1875, 64.625, 65.0625, Sold:, 1/8/1998 12:00:00 AM, 64.9375, 65.8125, 64.5625, 65.375, Low:, 63.50, Value:, 100.00
Bought:, 1/9/1998 12:00:00 AM, 65.00, 65.9375, 64.1875, 64.625, Sold:, 1/13/1998 12:00:00 AM, 66.00, 66.6875, 65.6875, 66.375, Low:, 64.1875, Value:, 218.7500
Bought:, 1/15/1998 12:00:00 AM, 66.125, 66.375, 65.50, 65.6875, Sold:, 1/16/1998 12:00:00 AM, 66.0625, 68.50, 66.00, 67.75, Low:, 65.50, Value:, 225.00
Bought:, 1/22/1998 12:00:00 AM, 67.50, 68.00, 66.6875, 67.25, Sold:, 1/26/1998 12:00:00 AM, 66.9375, 67.9375, 66.75, 67.1875, Low:, 66.625, Value:, 100.00
Bought:, 1/28/1998 12:00:00 AM, 67.8125, 68.1875, 66.6875, 66.875, Sold:, 2/2/1998 12:00:00 AM, 68.50, 69.1875, 68.50, 68.8125, Low:, 66.6875, Value:, 212.5000
Bought:, 2/3/1998 12:00:00 AM, 68.8125, 69.50, 68.3125, 69.50, Sold:, 2/6/1998 12:00:00 AM, 69.3125, 69.875, 69.125, 69.75, Low:, 68.3125, Value:, 143.7500
Bought:, 2/9/1998 12:00:00 AM, 69.8125, 69.8125, 68.4375, 68.875, Sold:, 2/10/1998 12:00:00 AM, 68.9375, 70.00, 68.9375, 69.75, Low:, 68.4375, Value:, 131.2500
Bought:, 2/12/1998 12:00:00 AM, 69.1875, 69.6875, 68.50, 69.5625, Sold:, 2/17/1998 12:00:00 AM, 69.50, 69.75, 68.75, 69.50, Low:, 68.50, Value:, 100.00
Bought:, 2/20/1998 12:00:00 AM, 70.5625, 70.5625, 68.875, 70.0625, Sold:, 2/23/1998 12:00:00 AM, 70.50, 72.1875, 70.00, 72.00, Low:, 68.875, Value:, 312.500
Bought:, 3/3/1998 12:00:00 AM, 74.875, 75.25, 74.1875, 74.50, Sold:, 3/10/1998 12:00:00 AM, 74.5625, 75.3125, 74.5625, 75.00, Low:, 73.625, Value:, 100.00
Bought:, 3/13/1998 12:00:00 AM, 76.00, 76.4375, 74.875, 75.125, Sold:, 4/2/1998 12:00:00 AM, 74.4375, 76.375, 74.3125, 76.25, Low:, 74.875, Value:, 137.500
Bought:, 4/7/1998 12:00:00 AM, 75.75, 75.8125, 74.625, 75.25, Sold:, 6/19/1998 12:00:00 AM, 75.1875, 75.6875, 74.8125, 75.625, Low:, 74.625, Value:, 100.000
Bought:, 6/22/1998 12:00:00 AM, 75.4375, 75.6875, 74.75, 74.75, Sold:, 6/23/1998 12:00:00 AM, 74.8125, 76.50, 74.8125, 76.375, Low:, 74.75, Value:, 162.500
Bought:, 6/26/1998 12:00:00 AM, 77.00, 77.625, 76.375, 76.9375, Sold:, 6/29/1998 12:00:00 AM, 77.375, 77.875, 76.5625, 77.00, Low:, 76.375, Value:, 100.00
Bought:, 6/30/1998 12:00:00 AM, 75.0625, 75.375, 73.6875, 74.00, Sold:, 7/7/1998 12:00:00 AM, 72.1875, 74.9375, 72.1875, 74.5625, Low:, 71.50, Value:, 100.00
Bought:, 7/9/1998 12:00:00 AM, 73.00, 73.25, 72.125, 72.4375, Sold:, 7/14/1998 12:00:00 AM, 72.375, 74.625, 72.3125, 74.25, Low:, 72.125, Value:, 212.500
Bought:, 7/16/1998 12:00:00 AM, 76.1875, 77.375, 75.5625, 77.375, Sold:, 7/17/1998 12:00:00 AM, 77.25, 77.875, 76.6875, 77.5625, Low:, 75.5625, Value:, 200.0000
Bought:, 7/20/1998 12:00:00 AM, 77.75, 78.375, 76.3125, 77.125, Sold:, 7/22/1998 12:00:00 AM, 76.25, 78.3125, 75.9375, 77.625, Low:, 76.3125, Value:, 131.2500
Bought:, 7/23/1998 12:00:00 AM, 76.9375, 78.1875, 74.75, 75.00, Sold:, 7/27/1998 12:00:00 AM, 75.8125, 77.4375, 75.625, 77.00, Low:, 74.75, Value:, 225.00
Bought:, 7/31/1998 12:00:00 AM, 79.375, 79.375, 76.50, 77.25, Sold:, 9/8/1998 12:00:00 AM, 77.50, 79.1875, 76.3125, 78.9375, Low:, 76.50, Value:, 243.7500
Bought:, 9/9/1998 12:00:00 AM, 77.50, 78.6875, 76.125, 76.625, Sold:, 9/14/1998 12:00:00 AM, 77.50, 79.75, 77.50, 79.00, Low:, 76.125, Value:, 287.500
Bought:, 9/16/1998 12:00:00 AM, 77.8125, 77.875, 75.50, 76.875, Sold:, 9/18/1998 12:00:00 AM, 76.8125, 76.875, 75.4375, 76.75, Low:, 75.50, Value:, 125.00
Bought:, 9/21/1998 12:00:00 AM, 75.0625, 79.4375, 74.75, 79.3125, Sold:, 9/22/1998 12:00:00 AM, 79.0625, 79.1875, 77.3125, 78.25, Low:, 74.75, Value:, 350.00
Bought:, 9/24/1998 12:00:00 AM, 79.00, 79.4375, 78.00, 78.75, Sold:, 9/28/1998 12:00:00 AM, 78.6875, 80.375, 78.5625, 80.00, Low:, 78.00, Value:, 200.00
Bought:, 9/29/1998 12:00:00 AM, 79.875, 80.3125, 78.3125, 79.3125, Sold:, 10/5/1998 12:00:00 AM, 77.00, 80.375, 75.5625, 79.4375, Low:, 78.3125, Value:, 112.5000
Bought:, 10/7/1998 12:00:00 AM, 79.5625, 79.75, 76.25, 77.3125, Sold:, 10/12/1998 12:00:00 AM, 77.25, 77.625, 76.4375, 76.4375, Low:, 73.6875, Value:, 100.00
Bought:, 10/13/1998 12:00:00 AM, 76.3125, 78.1875, 76.00, 77.75, Sold:, 10/14/1998 12:00:00 AM, 77.125, 80.75, 76.9375, 79.875, Low:, 76.00, Value:, 387.500
Bought:, 10/20/1998 12:00:00 AM, 83.8125, 83.8125, 80.50, 81.25, Sold:, 10/22/1998 12:00:00 AM, 80.75, 83.3125, 80.125, 83.125, Low:, 80.50, Value:, 262.500
Bought:, 10/26/1998 12:00:00 AM, 83.625, 83.6875, 82.00, 82.00, Sold:, 11/3/1998 12:00:00 AM, 82.1875, 83.125, 81.0625, 82.1875, Low:, 80.75, Value:, 100.00
Bought:, 11/4/1998 12:00:00 AM, 83.0625, 83.875, 80.625, 81.875, Sold:, 11/5/1998 12:00:00 AM, 81.25, 82.25, 80.75, 81.6875, Low:, 80.625, Value:, 106.2500
Bought:, 11/11/1998 12:00:00 AM, 83.3125, 83.50, 82.3125, 83.1875, Sold:, 11/12/1998 12:00:00 AM, 83.00, 84.875, 83.00, 84.4375, Low:, 82.3125, Value:, 212.5000
Bought:, 11/18/1998 12:00:00 AM, 84.375, 85.9375, 83.75, 85.9375, Sold:, 11/19/1998 12:00:00 AM, 86.25, 87.25, 86.0625, 86.625, Low:, 83.75, Value:, 287.500
Bought:, 11/24/1998 12:00:00 AM, 86.125, 86.9375, 85.1875, 85.25, Sold:, 1/29/1999 12:00:00 AM, 84.625, 86.3125, 84.0625, 85.125, Low:, 82.875, Value:, 100.00
Bought:, 2/1/1999 12:00:00 AM, 84.875, 84.9375, 83.375, 83.6875, Sold:, 2/3/1999 12:00:00 AM, 82.8125, 85.00, 82.6875, 84.375, Low:, 83.375, Value:, 100.000
Bought:, 2/4/1999 12:00:00 AM, 84.3125, 84.3125, 82.625, 83.875, Sold:, 2/5/1999 12:00:00 AM, 84.50, 85.00, 83.3125, 84.00, Low:, 82.625, Value:, 137.500
Bought:, 2/8/1999 12:00:00 AM, 83.50, 84.8125, 83.00, 84.00, Sold:, 2/11/1999 12:00:00 AM, 83.50, 85.4375, 83.1875, 84.625, Low:, 83.00, Value:, 162.500
Bought:, 2/24/1999 12:00:00 AM, 87.00, 87.6875, 85.75, 85.75, Sold:, 3/4/1999 12:00:00 AM, 84.75, 87.00, 84.50, 86.9375, Low:, 85.75, Value:, 118.7500
Bought:, 3/10/1999 12:00:00 AM, 87.9375, 87.9375, 86.375, 87.50, Sold:, 3/11/1999 12:00:00 AM, 87.75, 89.125, 87.625, 88.8125, Low:, 86.375, Value:, 243.7500
Bought:, 3/17/1999 12:00:00 AM, 90.0625, 90.25, 89.375, 89.9375, Sold:, 3/19/1999 12:00:00 AM, 90.4375, 91.6875, 90.0625, 91.0625, Low:, 89.375, Value:, 168.7500
Bought:, 3/23/1999 12:00:00 AM, 92.0625, 92.5625, 90.00, 90.25, Sold:, 3/25/1999 12:00:00 AM, 90.6875, 92.6875, 90.625, 92.00, Low:, 90.00, Value:, 200.00
Bought:, 4/1/1999 12:00:00 AM, 93.25, 94.3125, 92.75, 94.125, Sold:, 4/5/1999 12:00:00 AM, 94.3125, 94.9375, 94.0625, 94.875, Low:, 92.75, Value:, 212.500
Bought:, 4/6/1999 12:00:00 AM, 94.75, 95.00, 93.75, 94.25, Sold:, 4/7/1999 12:00:00 AM, 94.25, 95.25, 93.875, 94.875, Low:, 93.75, Value:, 112.500
Bought:, 4/14/1999 12:00:00 AM, 98.50, 98.5625, 94.3125, 94.6875, Sold:, 4/20/1999 12:00:00 AM, 90.4375, 96.375, 90.375, 96.25, Low:, 94.3125, Value:, 193.7500
Bought:, 4/26/1999 12:00:00 AM, 101.5625, 101.9375, 99.4375, 100.1875, Sold:, 4/27/1999 12:00:00 AM, 101.1875, 103.00, 100.25, 101.9375, Low:, 99.4375, Value:, 250.0000
Bought:, 4/28/1999 12:00:00 AM, 101.6875, 102.25, 99.00, 99.50, Sold:, 5/26/1999 12:00:00 AM, 89.125, 91.125, 88.375, 90.00, Low:, 87.8125, Value:, -792.0000
Bought:, 6/2/1999 12:00:00 AM, 92.1875, 92.9375, 91.4375, 91.6875, Sold:, 6/3/1999 12:00:00 AM, 92.4375, 93.6875, 92.25, 93.6875, Low:, 91.4375, Value:, 225.0000
Bought:, 6/8/1999 12:00:00 AM, 95.00, 95.4375, 92.50, 92.75, Sold:, 6/29/1999 12:00:00 AM, 90.9375, 94.00, 90.875, 94.00, Low:, 92.50, Value:, 150.00
Bought:, 7/6/1999 12:00:00 AM, 96.50, 98.3125, 95.875, 96.875, Sold:, 7/7/1999 12:00:00 AM, 97.125, 98.375, 96.75, 97.875, Low:, 95.875, Value:, 200.000
Bought:, 7/8/1999 12:00:00 AM, 96.875, 97.1875, 95.6875, 95.6875, Sold:, 7/12/1999 12:00:00 AM, 96.8125, 97.50, 96.50, 97.4375, Low:, 95.6875, Value:, 175.0000
Bought:, 7/13/1999 12:00:00 AM, 97.0625, 98.00, 96.00, 96.75, Sold:, 7/15/1999 12:00:00 AM, 96.1875, 97.5625, 95.50, 96.75, Low:, 95.3125, Value:, 100.00
Bought:, 7/19/1999 12:00:00 AM, 97.50, 97.75, 94.9375, 95.9375, Sold:, 7/20/1999 12:00:00 AM, 96.00, 96.75, 95.375, 96.4375, Low:, 94.9375, Value:, 150.0000
Bought:, 7/21/1999 12:00:00 AM, 95.875, 97.4375, 95.00, 97.4375, Sold:, 7/22/1999 12:00:00 AM, 97.8125, 99.50, 97.5625, 98.375, Low:, 95.00, Value:, 337.500
Bought:, 7/23/1999 12:00:00 AM, 98.625, 98.6875, 97.00, 97.8125, Sold:, 8/17/1999 12:00:00 AM, 98.00, 98.4375, 97.25, 98.3125, Low:, 97.00, Value:, 131.2500
Bought:, 8/18/1999 12:00:00 AM, 98.0625, 98.3125, 96.1875, 96.1875, Sold:, 8/20/1999 12:00:00 AM, 95.8125, 99.125, 95.6875, 98.9375, Low:, 96.1875, Value:, 275.0000
Bought:, 8/27/1999 12:00:00 AM, 103.50, 103.875, 102.125, 102.1875, Sold:, 8/31/1999 12:00:00 AM, 102.6875, 104.375, 102.0625, 102.25, Low:, 101.4375, Value:, 100.00
Bought:, 9/1/1999 12:00:00 AM, 102.25, 102.4375, 100.9375, 101.50, Sold:, 9/3/1999 12:00:00 AM, 100.50, 102.375, 100.50, 101.375, Low:, 99.5625, Value:, 100.00
Bought:, 9/8/1999 12:00:00 AM, 100.9375, 101.6875, 100.0625, 100.50, Sold:, 10/20/1999 12:00:00 AM, 100.00, 102.8125, 99.50, 102.50, Low:, 100.0625, Value:, 243.7500
Bought:, 10/25/1999 12:00:00 AM, 104.00, 105.375, 103.00, 105.25, Sold:, 10/26/1999 12:00:00 AM, 104.875, 106.0625, 104.50, 105.3125, Low:, 103.00, Value:, 231.2500
Bought:, 10/27/1999 12:00:00 AM, 105.1875, 105.1875, 103.25, 104.3125, Sold:, 10/28/1999 12:00:00 AM, 105.3125, 106.00, 104.00, 104.00, Low:, 103.25, Value:, 100.00
Bought:, 11/2/1999 12:00:00 AM, 105.125, 106.0625, 102.25, 102.50, Sold:, 11/3/1999 12:00:00 AM, 104.00, 105.125, 103.50, 104.25, Low:, 102.25, Value:, 200.00
Bought:, 11/8/1999 12:00:00 AM, 105.5625, 105.875, 103.9375, 104.4375, Sold:, 11/16/1999 12:00:00 AM, 104.25, 106.125, 104.0625, 106.125, Low:, 103.9375, Value:, 218.7500
Bought:, 11/18/1999 12:00:00 AM, 104.875, 105.00, 103.5625, 104.375, Sold:, 11/19/1999 12:00:00 AM, 104.375, 105.1875, 103.75, 105.1875, Low:, 103.5625, Value:, 162.5000
Bought:, 11/23/1999 12:00:00 AM, 104.875, 104.9375, 103.50, 104.0625, Sold:, 11/24/1999 12:00:00 AM, 103.5625, 104.875, 103.5625, 104.75, Low:, 103.50, Value:, 125.00
Bought:, 11/26/1999 12:00:00 AM, 105.00, 105.0625, 103.1875, 103.1875, Sold:, 11/30/1999 12:00:00 AM, 104.25, 104.6875, 103.5625, 103.75, Low:, 101.8125, Value:, 100.00
Bought:, 12/1/1999 12:00:00 AM, 103.25, 103.4375, 101.125, 102.50, Sold:, 12/22/1999 12:00:00 AM, 90.875, 92.75, 90.8125, 91.5625, Low:, 90.125, Value:, -1025.000
Bought:, 12/28/1999 12:00:00 AM, 97.75, 97.75, 94.375, 95.4375, Sold:, 1/7/2000 12:00:00 AM, 94.125, 96.9375, 93.625, 96.50, Low:, 94.375, Value:, 212.500
Bought:, 1/11/2000 12:00:00 AM, 93.00, 94.9375, 92.9375, 94.375, Sold:, 1/12/2000 12:00:00 AM, 93.875, 95.0625, 93.1875, 93.50, Low:, 92.9375, Value:, 100.00
Bought:, 1/13/2000 12:00:00 AM, 93.9375, 96.00, 93.0625, 93.375, Sold:, 1/25/2000 12:00:00 AM, 83.875, 86.9375, 83.5625, 85.25, Low:, 83.5625, Value:, -744.500000
Bought:, 1/26/2000 12:00:00 AM, 86.25, 86.875, 83.0625, 83.50, Sold:, 1/28/2000 12:00:00 AM, 80.875, 85.1875, 80.875, 84.50, Low:, 83.0625, Value:, 143.7500
Bought:, 2/3/2000 12:00:00 AM, 85.00, 85.00, 81.875, 83.3125, Sold:, 2/8/2000 12:00:00 AM, 82.4375, 83.00, 81.25, 82.0625, Low:, 81.00, Value:, 100.00
Bought:, 2/9/2000 12:00:00 AM, 82.0625, 82.125, 79.6875, 80.00, Sold:, 2/29/2000 12:00:00 AM, 73.25, 73.4375, 71.25, 72.00, Low:, 70.0625, Value:, -637.500000
Bought:, 3/1/2000 12:00:00 AM, 72.25, 73.375, 71.0625, 73.375, Sold:, 3/2/2000 12:00:00 AM, 73.00, 74.9375, 72.625, 73.6875, Low:, 71.0625, Value:, 262.5000
Bought:, 3/3/2000 12:00:00 AM, 74.25, 74.25, 72.25, 73.50, Sold:, 3/14/2000 12:00:00 AM, 71.8125, 74.625, 71.75, 72.75, Low:, 69.3125, Value:, 100.00
Bought:, 3/17/2000 12:00:00 AM, 79.3125, 79.9375, 78.1875, 79.5625, Sold:, 3/20/2000 12:00:00 AM, 79.6875, 79.9375, 78.5625, 79.3125, Low:, 78.1875, Value:, 112.5000
Bought:, 3/21/2000 12:00:00 AM, 78.125, 81.00, 78.125, 80.25, Sold:, 3/22/2000 12:00:00 AM, 80.875, 82.25, 79.6875, 82.25, Low:, 78.125, Value:, 412.500
Bought:, 3/24/2000 12:00:00 AM, 73.00, 74.00, 70.1875, 72.25, Sold:, 3/28/2000 12:00:00 AM, 69.4375, 72.00, 69.375, 72.00, Low:, 70.1875, Value:, 181.2500
Bought:, 3/31/2000 12:00:00 AM, 71.00, 71.125, 70.0625, 70.25, Sold:, 4/4/2000 12:00:00 AM, 73.1875, 76.75, 73.0625, 76.75, Low:, 70.0625, Value:, 668.7500
Bought:, 4/6/2000 12:00:00 AM, 77.25, 77.3125, 74.3125, 74.875, Sold:, 4/10/2000 12:00:00 AM, 74.8125, 76.50, 74.6875, 76.00, Low:, 74.3125, Value:, 168.7500
Bought:, 4/13/2000 12:00:00 AM, 76.0625, 76.9375, 74.75, 76.25, Sold:, 4/17/2000 12:00:00 AM, 75.625, 78.00, 75.50, 77.50, Low:, 74.75, Value:, 275.00
Bought:, 4/26/2000 12:00:00 AM, 84.0625, 84.0625, 82.00, 82.75, Sold:, 4/28/2000 12:00:00 AM, 82.75, 83.00, 81.9375, 82.50, Low:, 81.8125, Value:, 100.00
Bought:, 5/1/2000 12:00:00 AM, 82.25, 84.4375, 81.875, 82.6875, Sold:, 5/2/2000 12:00:00 AM, 82.125, 84.5625, 82.0625, 84.1875, Low:, 81.875, Value:, 231.2500
Bought:, 5/4/2000 12:00:00 AM, 83.00, 84.0625, 82.3125, 83.0625, Sold:, 5/5/2000 12:00:00 AM, 83.1875, 84.25, 82.6875, 84.00, Low:, 82.3125, Value:, 168.7500
Bought:, 5/10/2000 12:00:00 AM, 87.00, 87.00, 85.125, 85.50, Sold:, 5/11/2000 12:00:00 AM, 86.375, 86.9375, 85.875, 86.0625, Low:, 85.125, Value:, 100.00
Bought:, 5/12/2000 12:00:00 AM, 86.125, 86.1875, 84.6875, 85.50, Sold:, 5/15/2000 12:00:00 AM, 85.25, 87.00, 85.125, 86.25, Low:, 84.6875, Value:, 156.2500
Bought:, 5/17/2000 12:00:00 AM, 87.0625, 87.6875, 85.625, 87.0625, Sold:, 5/18/2000 12:00:00 AM, 86.875, 89.00, 86.8125, 88.50, Low:, 85.625, Value:, 287.500
Bought:, 5/22/2000 12:00:00 AM, 89.625, 89.6875, 85.1875, 86.875, Sold:, 5/23/2000 12:00:00 AM, 87.875, 88.1875, 86.125, 87.00, Low:, 85.1875, Value:, 181.2500
Bought:, 5/30/2000 12:00:00 AM, 88.1875, 88.9375, 87.125, 88.9375, Sold:, 5/31/2000 12:00:00 AM, 89.1875, 89.9375, 88.25, 89.50, Low:, 87.125, Value:, 237.500
Bought:, 6/1/2000 12:00:00 AM, 89.25, 89.50, 87.25, 87.6875, Sold:, 6/13/2000 12:00:00 AM, 85.75, 88.50, 85.5625, 88.00, Low:, 84.6875, Value:, 100.00
Bought:, 6/16/2000 12:00:00 AM, 90.0625, 90.4375, 89.375, 89.5625, Sold:, 6/21/2000 12:00:00 AM, 88.75, 90.4375, 88.75, 89.875, Low:, 88.0625, Value:, 100.00
Bought:, 6/22/2000 12:00:00 AM, 89.75, 89.75, 88.25, 88.5625, Sold:, 6/23/2000 12:00:00 AM, 88.8125, 89.9375, 88.6875, 89.75, Low:, 88.25, Value:, 150.00
Bought:, 6/30/2000 12:00:00 AM, 98.00, 101.98438, 96.4375, 101.875, Sold:, 7/3/2000 12:00:00 AM, 101.25, 101.25, 99.9375, 101.0625, Low:, 96.4375, Value:, 462.5000
Bought:, 7/5/2000 12:00:00 AM, 100.8125, 101.4375, 99.875, 101.00, Sold:, 7/7/2000 12:00:00 AM, 99.50, 100.875, 99.3125, 99.75, Low:, 99.1875, Value:, 100.00
Bought:, 7/11/2000 12:00:00 AM, 99.375, 100.4375, 99.00, 100.1875, Sold:, 11/28/2000 12:00:00 AM, 97.9375, 100.125, 97.50, 100.125, Low:, 99.00, Value:, 112.500
Bought:, 12/1/2000 12:00:00 AM, 99.25, 100.00, 96.6875, 97.75, Sold:, 12/5/2000 12:00:00 AM, 99.75, 99.75, 97.75, 99.50, Low:, 96.6875, Value:, 281.2500
Bought:, 12/6/2000 12:00:00 AM, 97.75, 98.75, 95.5625, 96.125, Sold:, 12/7/2000 12:00:00 AM, 97.50, 98.00, 96.1875, 97.0625, Low:, 95.5625, Value:, 150.0000
Bought:, 12/8/2000 12:00:00 AM, 95.625, 97.1875, 95.625, 96.375, Sold:, 12/12/2000 12:00:00 AM, 95.5625, 98.00, 95.50, 97.00, Low:, 95.625, Value:, 137.500
Bought:, 12/18/2000 12:00:00 AM, 98.5625, 99.1875, 97.3125, 98.5625, Sold:, 12/19/2000 12:00:00 AM, 98.625, 99.9375, 98.5625, 99.1875, Low:, 97.3125, Value:, 187.5000
Bought:, 1/2/2001 12:00:00 AM, 104.00, 104.6875, 101.5625, 102.00, Sold:, 1/25/2001 12:00:00 AM, 90.625, 92.3125, 90.50, 91.75, Low:, 90.375, Value:, -1093.7500
Bought:, 1/29/2001 12:00:00 AM, 92.50, 93.00, 91.51, 91.60, Sold:, 1/30/2001 12:00:00 AM, 92.00, 93.00, 91.51, 91.60, Low:, 91.51, Value:, 100.00
Bought:, 1/31/2001 12:00:00 AM, 92.99, 93.37, 90.71, 93.13, Sold:, 2/1/2001 12:00:00 AM, 93.13, 94.34, 93.13, 93.87, Low:, 90.71, Value:, 316.00
Bought:, 2/5/2001 12:00:00 AM, 95.35, 95.75, 93.71, 93.93, Sold:, 2/7/2001 12:00:00 AM, 94.20, 95.35, 93.64, 94.90, Low:, 93.71, Value:, 119.00
Bought:, 2/14/2001 12:00:00 AM, 96.90, 96.95, 95.00, 95.65, Sold:, 2/20/2001 12:00:00 AM, 94.60, 96.05, 94.60, 96.03, Low:, 95.00, Value:, 103.00
Bought:, 2/22/2001 12:00:00 AM, 96.92, 97.64, 95.10, 96.52, Sold:, 2/27/2001 12:00:00 AM, 95.75, 96.45, 95.40, 95.95, Low:, 94.30, Value:, 100.00
Bought:, 3/2/2001 12:00:00 AM, 99.30, 99.85, 97.40, 99.15, Sold:, 3/23/2001 12:00:00 AM, 87.65, 88.80, 86.90, 88.21, Low:, 83.68, Value:, -975.00
Bought:, 3/26/2001 12:00:00 AM, 87.50, 87.50, 85.02, 85.38, Sold:, 3/28/2001 12:00:00 AM, 83.50, 86.34, 83.50, 86.28, Low:, 85.02, Value:, 126.00
Bought:, 4/2/2001 12:00:00 AM, 87.50, 87.60, 86.01, 87.32, Sold:, 4/5/2001 12:00:00 AM, 86.91, 89.00, 86.09, 88.88, Low:, 86.01, Value:, 287.00
Bought:, 4/11/2001 12:00:00 AM, 91.51, 92.06, 90.31, 90.84, Sold:, 4/16/2001 12:00:00 AM, 91.50, 92.90, 91.01, 92.60, Low:, 90.31, Value:, 229.00
Bought:, 4/18/2001 12:00:00 AM, 94.45, 94.45, 91.68, 93.95, Sold:, 4/19/2001 12:00:00 AM, 93.26, 93.27, 91.72, 92.85, Low:, 91.68, Value:, 117.00
Bought:, 4/20/2001 12:00:00 AM, 91.92, 92.70, 90.91, 92.11, Sold:, 4/24/2001 12:00:00 AM, 92.50, 92.89, 92.05, 92.51, Low:, 90.91, Value:, 160.00
Bought:, 5/2/2001 12:00:00 AM, 96.80, 98.00, 95.82, 97.50, Sold:, 5/3/2001 12:00:00 AM, 97.72, 97.72, 96.06, 96.76, Low:, 95.82, Value:, 100.00
Bought:, 5/8/2001 12:00:00 AM, 98.10, 98.10, 97.00, 97.95, Sold:, 5/9/2001 12:00:00 AM, 97.95, 98.37, 97.00, 98.25, Low:, 97.00, Value:, 125.00
Bought:, 5/11/2001 12:00:00 AM, 97.52, 97.82, 96.98, 97.26, Sold:, 5/14/2001 12:00:00 AM, 97.45, 97.99, 97.38, 97.79, Low:, 96.98, Value:, 100.00
Bought:, 5/15/2001 12:00:00 AM, 97.79, 97.95, 96.36, 97.08, Sold:, 5/16/2001 12:00:00 AM, 97.50, 100.12, 96.90, 99.77, Low:, 96.36, Value:, 341.00
Bought:, 5/21/2001 12:00:00 AM, 100.50, 100.95, 99.33, 100.63, Sold:, 6/4/2001 12:00:00 AM, 98.00, 100.59, 97.90, 100.14, Low:, 96.60, Value:, 100.00
Stock split:, 6/13/2001 12:00:00 AM, 50.55, 51.00, 50.50, 50.71, Low: 100.75
Bought:, 6/26/2001 12:00:00 AM, 51.05, 51.85, 50.49, 51.11, Sold:, 6/27/2001 12:00:00 AM, 51.50, 51.50, 50.61, 50.70, Low:, 50.49, Value:, 100.00
Bought:, 6/28/2001 12:00:00 AM, 50.30, 52.59, 50.25, 52.20, Sold:, 7/2/2001 12:00:00 AM, 50.10, 51.94, 50.10, 51.19, Low:, 49.13, Value:, 100.00
Bought:, 7/5/2001 12:00:00 AM, 50.51, 51.04, 50.50, 50.91, Sold:, 7/9/2001 12:00:00 AM, 51.00, 52.25, 50.18, 52.12, Low:, 50.50, Value:, 162.00
Bought:, 7/12/2001 12:00:00 AM, 53.49, 53.74, 52.58, 52.84, Sold:, 7/13/2001 12:00:00 AM, 52.60, 53.63, 52.60, 53.05, Low:, 52.58, Value:, 100.00
Bought:, 7/17/2001 12:00:00 AM, 53.06, 54.98, 52.00, 54.91, Sold:, 7/18/2001 12:00:00 AM, 54.78, 54.92, 53.80, 54.40, Low:, 52.00, Value:, 240.00
Bought:, 7/19/2001 12:00:00 AM, 54.70, 54.92, 53.76, 54.20, Sold:, 8/10/2001 12:00:00 AM, 54.10, 55.05, 53.96, 55.02, Low:, 53.76, Value:, 126.00
Bought:, 8/16/2001 12:00:00 AM, 56.57, 56.60, 54.58, 54.89, Sold:, 9/4/2001 12:00:00 AM, 55.35, 56.81, 55.00, 56.15, Low:, 54.58, Value:, 157.00
Bought:, 9/7/2001 12:00:00 AM, 55.80, 56.25, 54.90, 55.73, Sold:, 9/10/2001 12:00:00 AM, 55.70, 56.25, 55.06, 55.62, Low:, 54.90, Value:, 100.00
Bought:, 9/17/2001 12:00:00 AM, 57.00, 57.00, 54.81, 55.82, Sold:, 10/8/2001 12:00:00 AM, 55.25, 56.08, 55.05, 55.77, Low:, 54.56, Value:, 100.00
Bought:, 10/10/2001 12:00:00 AM, 55.06, 56.23, 55.00, 56.04, Sold:, 10/16/2001 12:00:00 AM, 56.00, 57.10, 55.70, 56.77, Low:, 55.00, Value:, 177.00
Bought:, 10/25/2001 12:00:00 AM, 58.80, 59.08, 57.80, 58.97, Sold:, 10/26/2001 12:00:00 AM, 58.80, 58.99, 58.25, 58.67, Low:, 57.80, Value:, 100.00
Bought:, 10/29/2001 12:00:00 AM, 58.15, 59.47, 58.07, 58.56, Sold:, 11/2/2001 12:00:00 AM, 58.87, 59.18, 58.56, 58.98, Low:, 57.53, Value:, 100.00
Bought:, 11/5/2001 12:00:00 AM, 59.12, 59.28, 58.07, 58.48, Sold:, 11/7/2001 12:00:00 AM, 59.00, 59.85, 58.50, 58.75, Low:, 57.95, Value:, 100.00
Bought:, 11/12/2001 12:00:00 AM, 59.10, 59.79, 58.84, 59.02, Sold:, 11/14/2001 12:00:00 AM, 59.65, 60.25, 59.31, 60.07, Low:, 58.84, Value:, 123.00
Bought:, 11/16/2001 12:00:00 AM, 60.00, 60.14, 59.38, 59.92, Sold:, 11/20/2001 12:00:00 AM, 59.40, 60.85, 59.25, 60.78, Low:, 59.38, Value:, 140.00
Bought:, 11/23/2001 12:00:00 AM, 60.40, 60.97, 60.37, 60.97, Sold:, 3/1/2002 12:00:00 AM, 60.90, 62.40, 60.60, 62.10, Low:, 60.37, Value:, 173.00
Bought:, 3/5/2002 12:00:00 AM, 61.92, 62.16, 61.11, 61.31, Sold:, 3/6/2002 12:00:00 AM, 61.79, 62.79, 61.60, 62.52, Low:, 61.11, Value:, 141.00
Bought:, 3/8/2002 12:00:00 AM, 64.40, 64.49, 63.10, 63.66, Sold:, 3/11/2002 12:00:00 AM, 63.66, 64.40, 63.41, 63.81, Low:, 63.10, Value:, 100.00
Bought:, 3/12/2002 12:00:00 AM, 63.81, 63.81, 62.97, 63.65, Sold:, 3/13/2002 12:00:00 AM, 63.65, 64.01, 63.25, 63.90, Low:, 62.97, Value:, 100.00
Bought:, 3/18/2002 12:00:00 AM, 64.70, 65.15, 64.30, 64.66, Sold:, 3/19/2002 12:00:00 AM, 64.75, 65.70, 64.70, 65.49, Low:, 64.30, Value:, 119.00
Bought:, 3/20/2002 12:00:00 AM, 65.49, 65.49, 64.34, 64.49, Sold:, 3/22/2002 12:00:00 AM, 64.55, 65.38, 64.37, 64.85, Low:, 63.69, Value:, 100.00
Bought:, 3/25/2002 12:00:00 AM, 64.85, 65.89, 64.35, 64.35, Sold:, 3/27/2002 12:00:00 AM, 64.95, 65.47, 64.82, 65.14, Low:, 64.36, Value:, 100.00
Bought:, 4/1/2002 12:00:00 AM, 64.20, 65.29, 64.15, 64.61, Sold:, 6/13/2002 12:00:00 AM, 56.65, 58.28, 56.55, 57.41, Low:, 56.20, Value:, -750.00
Bought:, 6/14/2002 12:00:00 AM, 57.00, 57.63, 56.31, 56.82, Sold:, 6/17/2002 12:00:00 AM, 56.81, 57.64, 56.71, 57.45, Low:, 56.31, Value:, 114.00
Bought:, 6/18/2002 12:00:00 AM, 57.00, 57.25, 56.14, 56.46, Sold:, 7/12/2002 12:00:00 AM, 51.38, 51.38, 49.44, 50.50, Low:, 49.10, Value:, -449.1200
Bought:, 7/15/2002 12:00:00 AM, 49.50, 49.69, 45.56, 49.00, Sold:, 7/16/2002 12:00:00 AM, 49.40, 51.85, 48.80, 50.10, Low:, 45.56, Value:, 454.00
Bought:, 7/18/2002 12:00:00 AM, 50.82, 51.35, 49.55, 49.73, Sold:, 7/23/2002 12:00:00 AM, 43.10, 45.70, 42.90, 44.08, Low:, 41.40, Value:, -645.00
Bought:, 7/31/2002 12:00:00 AM, 50.85, 53.00, 49.45, 52.60, Sold:, 8/1/2002 12:00:00 AM, 53.00, 53.01, 51.20, 51.42, Low:, 49.45, Value:, 197.00
Bought:, 8/5/2002 12:00:00 AM, 52.50, 52.50, 49.75, 50.10, Sold:, 8/6/2002 12:00:00 AM, 50.75, 52.40, 50.70, 51.08, Low:, 49.75, Value:, 133.00
Bought:, 8/13/2002 12:00:00 AM, 54.10, 54.95, 53.30, 53.37, Sold:, 8/15/2002 12:00:00 AM, 56.00, 56.49, 55.38, 55.97, Low:, 53.30, Value:, 267.00
Bought:, 8/16/2002 12:00:00 AM, 55.99, 56.27, 55.15, 55.32, Sold:, 8/22/2002 12:00:00 AM, 55.10, 56.39, 54.75, 56.20, Low:, 55.15, Value:, 105.00
Bought:, 8/23/2002 12:00:00 AM, 56.20, 56.35, 54.50, 54.82, Sold:, 8/27/2002 12:00:00 AM, 55.94, 56.50, 54.37, 54.75, Low:, 54.30, Value:, 100.00
Bought:, 8/28/2002 12:00:00 AM, 54.50, 54.87, 54.00, 54.36, Sold:, 9/6/2002 12:00:00 AM, 55.10, 55.19, 54.50, 54.92, Low:, 53.35, Value:, 100.00
Bought:, 9/9/2002 12:00:00 AM, 54.25, 55.71, 54.20, 55.20, Sold:, 9/10/2002 12:00:00 AM, 55.35, 55.50, 54.65, 55.39, Low:, 54.20, Value:, 119.00
Bought:, 9/12/2002 12:00:00 AM, 54.50, 54.90, 53.72, 53.97, Sold:, 9/16/2002 12:00:00 AM, 54.14, 54.99, 53.65, 54.90, Low:, 53.72, Value:, 118.00
Bought:, 9/17/2002 12:00:00 AM, 54.90, 55.29, 53.39, 53.59, Sold:, 9/26/2002 12:00:00 AM, 54.19, 55.65, 53.88, 55.54, Low:, 53.39, Value:, 215.00
Bought:, 9/30/2002 12:00:00 AM, 54.25, 54.79, 53.70, 54.08, Sold:, 10/1/2002 12:00:00 AM, 54.95, 56.30, 54.30, 56.30, Low:, 53.70, Value:, 260.00
Bought:, 10/3/2002 12:00:00 AM, 58.45, 59.11, 57.25, 57.98, Sold:, 10/8/2002 12:00:00 AM, 57.40, 58.95, 56.88, 58.49, Low:, 57.25, Value:, 124.00
Bought:, 10/9/2002 12:00:00 AM, 57.50, 57.75, 55.66, 56.20, Sold:, 10/11/2002 12:00:00 AM, 57.03, 57.25, 55.31, 56.70, Low:, 55.66, Value:, 104.00
Bought:, 10/22/2002 12:00:00 AM, 60.67, 61.11, 58.20, 59.82, Sold:, 11/4/2002 12:00:00 AM, 59.50, 59.60, 58.37, 58.71, Low:, 57.46, Value:, 100.00
Bought:, 11/11/2002 12:00:00 AM, 60.27, 60.99, 59.51, 60.00, Sold:, 11/12/2002 12:00:00 AM, 60.20, 60.61, 59.69, 60.02, Low:, 59.51, Value:, 100.00
Bought:, 11/13/2002 12:00:00 AM, 60.00, 60.53, 59.00, 59.93, Sold:, 11/14/2002 12:00:00 AM, 60.37, 60.77, 60.00, 60.46, Low:, 59.00, Value:, 146.00
Bought:, 11/15/2002 12:00:00 AM, 60.25, 60.38, 59.80, 60.15, Sold:, 12/19/2002 12:00:00 AM, 53.18, 54.18, 53.18, 53.41, Low:, 53.17, Value:, -662.00
Bought:, 12/26/2002 12:00:00 AM, 54.96, 55.15, 53.69, 53.86, Sold:, 1/2/2003 12:00:00 AM, 54.25, 55.39, 53.85, 55.33, Low:, 53.69, Value:, 164.00
Bought:, 1/7/2003 12:00:00 AM, 57.10, 57.12, 55.90, 56.06, Sold:, 1/9/2003 12:00:00 AM, 56.37, 57.10, 55.92, 56.85, Low:, 55.45, Value:, 100.00
Bought:, 1/13/2003 12:00:00 AM, 57.20, 57.20, 55.76, 56.04, Sold:, 3/18/2003 12:00:00 AM, 56.39, 56.91, 56.08, 56.78, Low:, 55.76, Value:, 102.00
Bought:, 3/19/2003 12:00:00 AM, 56.84, 57.45, 56.01, 57.31, Sold:, 3/20/2003 12:00:00 AM, 57.17, 57.50, 56.50, 57.39, Low:, 56.01, Value:, 138.00
Bought:, 3/24/2003 12:00:00 AM, 57.10, 57.98, 56.65, 56.75, Sold:, 3/31/2003 12:00:00 AM, 56.75, 58.45, 56.75, 57.87, Low:, 56.65, Value:, 122.00
Bought:, 4/3/2003 12:00:00 AM, 57.92, 58.39, 57.24, 57.46, Sold:, 7/11/2003 12:00:00 AM, 51.45, 51.93, 51.34, 51.88, Low:, 51.21, Value:, -579.00
Bought:, 7/15/2003 12:00:00 AM, 53.95, 54.19, 52.52, 52.55, Sold:, 1/23/2004 12:00:00 AM, 53.30, 53.55, 52.75, 53.00, Low:, 52.62, Value:, 100.00
Bought:, 1/28/2004 12:00:00 AM, 53.40, 53.62, 53.11, 53.16, Sold:, 2/4/2004 12:00:00 AM, 53.98, 54.82, 53.85, 54.48, Low:, 53.11, Value:, 137.00
Bought:, 2/6/2004 12:00:00 AM, 54.49, 54.65, 54.07, 54.15, Sold:, 5/7/2004 12:00:00 AM, 55.02, 55.98, 54.96, 55.30, Low:, 54.07, Value:, 123.00
Bought:, 5/10/2004 12:00:00 AM, 54.77, 55.95, 54.77, 55.45, Sold:, 5/11/2004 12:00:00 AM, 55.89, 56.39, 54.91, 55.14, Low:, 54.77, Value:, 100.00
Bought:, 5/12/2004 12:00:00 AM, 55.00, 55.27, 54.51, 55.24, Sold:, 5/26/2004 12:00:00 AM, 55.20, 55.92, 55.17, 55.48, Low:, 54.12, Value:, 100.00
Bought:, 5/28/2004 12:00:00 AM, 55.60, 55.84, 54.92, 55.71, Sold:, 6/2/2004 12:00:00 AM, 55.82, 56.55, 55.76, 56.20, Low:, 54.92, Value:, 128.00
Bought:, 6/7/2004 12:00:00 AM, 56.53, 56.72, 56.17, 56.72, Sold:, 6/8/2004 12:00:00 AM, 56.72, 57.28, 56.65, 56.97, Low:, 56.17, Value:, 100.00
Bought:, 6/9/2004 12:00:00 AM, 56.96, 56.97, 56.58, 56.76, Sold:, 7/16/2004 12:00:00 AM, 55.73, 58.14, 55.50, 56.80, Low:, 55.26, Value:, 100.00
Bought:, 7/21/2004 12:00:00 AM, 56.55, 56.59, 55.70, 55.75, Sold:, 8/12/2004 12:00:00 AM, 56.15, 56.75, 56.10, 56.30, Low:, 54.70, Value:, 100.00
Bought:, 8/13/2004 12:00:00 AM, 56.25, 56.35, 55.25, 55.54, Sold:, 8/16/2004 12:00:00 AM, 55.54, 56.25, 55.53, 56.09, Low:, 55.25, Value:, 100.00
Bought:, 8/30/2004 12:00:00 AM, 57.62, 57.85, 57.49, 57.54, Sold:, 9/14/2004 12:00:00 AM, 58.03, 58.68, 58.03, 58.35, Low:, 57.35, Value:, 100.00
Bought:, 9/20/2004 12:00:00 AM, 57.75, 58.16, 57.75, 57.92, Sold:, 11/1/2004 12:00:00 AM, 58.35, 58.89, 58.10, 58.44, Low:, 57.91, Value:, 100.00
Bought:, 11/2/2004 12:00:00 AM, 57.81, 59.00, 57.81, 58.04, Sold:, 11/3/2004 12:00:00 AM, 59.23, 59.98, 59.18, 59.45, Low:, 57.81, Value:, 164.00
Bought:, 11/4/2004 12:00:00 AM, 59.25, 59.50, 58.82, 59.22, Sold:, 11/8/2004 12:00:00 AM, 59.30, 60.26, 59.25, 59.84, Low:, 58.82, Value:, 102.00
Bought:, 11/11/2004 12:00:00 AM, 60.00, 60.85, 59.87, 60.60, Sold:, 11/12/2004 12:00:00 AM, 60.60, 61.00, 60.44, 61.00, Low:, 59.87, Value:, 113.00
Bought:, 11/17/2004 12:00:00 AM, 60.90, 61.44, 60.75, 60.90, Sold:, 12/2/2004 12:00:00 AM, 60.98, 62.00, 60.90, 61.75, Low:, 60.75, Value:, 100.00
Bought:, 12/7/2004 12:00:00 AM, 61.05, 61.95, 60.35, 60.41, Sold:, 12/8/2004 12:00:00 AM, 60.93, 61.45, 60.80, 61.15, Low:, 60.35, Value:, 100.00
Bought:, 12/9/2004 12:00:00 AM, 61.15, 61.50, 60.75, 61.31, Sold:, 12/16/2004 12:00:00 AM, 61.80, 64.24, 61.55, 63.45, Low:, 60.75, Value:, 270.00
Bought:, 12/20/2004 12:00:00 AM, 63.58, 63.90, 62.92, 63.07, Sold:, 12/27/2004 12:00:00 AM, 63.78, 63.98, 63.53, 63.53, Low:, 63.05, Value:, 100.00
Bought:, 12/29/2004 12:00:00 AM, 63.60, 63.70, 63.35, 63.53, Sold:, 1/26/2005 12:00:00 AM, 63.24, 64.98, 62.74, 64.65, Low:, 63.35, Value:, 130.00
Bought:, 2/4/2005 12:00:00 AM, 65.47, 66.24, 65.46, 66.24, Sold:, 2/7/2005 12:00:00 AM, 66.25, 66.51, 65.87, 66.45, Low:, 65.46, Value:, 100.00
Bought:, 2/9/2005 12:00:00 AM, 66.36, 66.48, 65.97, 66.19, Sold:, 3/1/2005 12:00:00 AM, 66.47, 66.99, 66.41, 66.65, Low:, 65.60, Value:, 100.00
Bought:, 3/2/2005 12:00:00 AM, 66.55, 67.15, 66.12, 66.96, Sold:, 3/4/2005 12:00:00 AM, 67.19, 67.75, 67.01, 67.74, Low:, 66.12, Value:, 162.00
Bought:, 3/9/2005 12:00:00 AM, 68.10, 68.11, 67.70, 67.76, Sold:, 4/5/2005 12:00:00 AM, 67.98, 69.05, 67.78, 69.01, Low:, 67.70, Value:, 131.00
Bought:, 4/7/2005 12:00:00 AM, 68.60, 69.25, 68.47, 69.24, Sold:, 4/8/2005 12:00:00 AM, 69.46, 69.48, 68.64, 68.64, Low:, 68.47, Value:, 100.00
Bought:, 4/12/2005 12:00:00 AM, 68.28, 68.71, 67.85, 68.64, Sold:, 4/13/2005 12:00:00 AM, 68.45, 68.99, 68.45, 68.59, Low:, 67.85, Value:, 100.00
Bought:, 4/14/2005 12:00:00 AM, 68.60, 69.26, 68.23, 69.25, Sold:, 4/15/2005 12:00:00 AM, 69.89, 69.99, 69.30, 69.40, Low:, 68.23, Value:, 117.00
Bought:, 4/18/2005 12:00:00 AM, 69.30, 69.31, 68.47, 69.04, Sold:, 4/25/2005 12:00:00 AM, 69.00, 69.50, 68.44, 68.54, Low:, 67.99, Value:, 100.00
Bought:, 4/26/2005 12:00:00 AM, 68.40, 68.69, 68.00, 68.02, Sold:, 10/11/2005 12:00:00 AM, 61.57, 61.68, 61.08, 61.29, Low:, 60.53, Value:, -544.0000
Bought:, 10/17/2005 12:00:00 AM, 63.65, 63.65, 62.67, 63.00, Sold:, 10/19/2005 12:00:00 AM, 63.10, 64.35, 62.69, 64.32, Low:, 62.67, Value:, 165.00
Bought:, 10/21/2005 12:00:00 AM, 64.30, 64.49, 63.88, 64.07, Sold:, 2/8/2006 12:00:00 AM, 57.05, 58.74, 56.93, 58.60, Low:, 56.70, Value:, -683.00
Bought:, 2/10/2006 12:00:00 AM, 58.70, 58.76, 58.24, 58.39, Sold:, 2/14/2006 12:00:00 AM, 58.70, 59.27, 58.70, 59.05, Low:, 58.04, Value:, 100.00
Bought:, 2/16/2006 12:00:00 AM, 59.45, 59.45, 58.58, 58.98, Sold:, 3/15/2006 12:00:00 AM, 59.15, 59.95, 59.10, 59.80, Low:, 58.58, Value:, 122.00
Bought:, 3/22/2006 12:00:00 AM, 60.30, 61.10, 60.30, 61.00, Sold:, 6/7/2006 12:00:00 AM, 61.12, 61.69, 61.01, 61.17, Low:, 60.36, Value:, 100.00
Bought:, 6/13/2006 12:00:00 AM, 61.55, 61.69, 61.01, 61.05, Sold:, 7/26/2006 12:00:00 AM, 61.75, 62.15, 61.65, 62.05, Low:, 61.01, Value:, 104.00
Bought:, 8/1/2006 12:00:00 AM, 62.38, 62.85, 62.29, 62.68, Sold:, 8/3/2006 12:00:00 AM, 63.10, 63.34, 63.04, 63.08, Low:, 62.88, Value:, 100.00
Bought:, 8/7/2006 12:00:00 AM, 63.25, 63.44, 63.16, 63.27, Sold:, 8/15/2006 12:00:00 AM, 64.00, 64.48, 63.85, 64.41, Low:, 63.16, Value:, 125.00
Bought:, 8/17/2006 12:00:00 AM, 64.66, 64.68, 64.13, 64.23, Sold:, 8/24/2006 12:00:00 AM, 64.30, 65.13, 64.24, 65.00, Low:, 63.80, Value:, 100.00
Bought:, 8/28/2006 12:00:00 AM, 64.79, 64.87, 64.55, 64.58, Sold:, 10/3/2006 12:00:00 AM, 65.06, 65.68, 64.97, 65.50, Low:, 64.94, Value:, 100.00
Bought:, 10/5/2006 12:00:00 AM, 65.30, 65.64, 65.11, 65.11, Sold:, 10/17/2006 12:00:00 AM, 65.63, 66.50, 65.50, 66.08, Low:, 64.70, Value:, 100.00
Bought:, 10/24/2006 12:00:00 AM, 68.60, 68.86, 68.26, 68.75, Sold:, 3/15/2007 12:00:00 AM, 60.70, 60.81, 60.35, 60.53, Low:, 60.11, Value:, -756.00
Bought:, 3/16/2007 12:00:00 AM, 60.57, 60.88, 60.25, 60.51, Sold:, 3/20/2007 12:00:00 AM, 60.66, 61.34, 60.65, 61.07, Low:, 60.37, Value:, 100.00
Bought:, 3/21/2007 12:00:00 AM, 61.07, 61.32, 60.48, 61.22, Sold:, 3/22/2007 12:00:00 AM, 61.22, 61.48, 60.79, 60.86, Low:, 60.48, Value:, 100.00
Bought:, 3/23/2007 12:00:00 AM, 61.25, 61.25, 60.35, 60.51, Sold:, 4/4/2007 12:00:00 AM, 60.71, 61.35, 60.55, 61.29, Low:, 60.25, Value:, 100.00
Bought:, 4/18/2007 12:00:00 AM, 64.45, 64.77, 64.15, 64.43, Sold:, 4/20/2007 12:00:00 AM, 65.45, 65.45, 64.87, 65.12, Low:, 64.30, Value:, 100.00
Bought:, 4/23/2007 12:00:00 AM, 65.00, 65.12, 64.68, 64.75, Sold:, 9/27/2007 12:00:00 AM, 65.38, 65.75, 65.35, 65.54, Low:, 64.86, Value:, 100.00
Bought:, 9/28/2007 12:00:00 AM, 65.55, 65.75, 65.34, 65.70, Sold:, 10/2/2007 12:00:00 AM, 66.16, 66.34, 65.88, 66.05, Low:, 65.66, Value:, 100.00
Bought:, 10/3/2007 12:00:00 AM, 65.87, 66.80, 65.82, 66.10, Sold:, 11/12/2007 12:00:00 AM, 66.37, 66.95, 64.98, 66.31, Low:, 63.85, Value:, 100.00
Bought:, 11/15/2007 12:00:00 AM, 66.76, 67.30, 66.54, 66.88, Sold:, 11/16/2007 12:00:00 AM, 67.20, 67.78, 66.58, 67.75, Low:, 66.54, Value:, 121.00
Bought:, 11/20/2007 12:00:00 AM, 67.83, 67.95, 67.20, 67.64, Sold:, 11/29/2007 12:00:00 AM, 67.99, 68.66, 67.56, 68.40, Low:, 67.20, Value:, 120.00
Bought:, 11/30/2007 12:00:00 AM, 68.54, 68.75, 67.20, 67.74, Sold:, 12/4/2007 12:00:00 AM, 67.44, 68.21, 67.40, 67.94, Low:, 67.30, Value:, 100.00
Bought:, 12/7/2007 12:00:00 AM, 68.50, 68.50, 67.58, 67.68, Sold:, 7/16/2008 12:00:00 AM, 67.77, 68.81, 67.50, 68.19, Low:, 66.79, Value:, 100.00
Bought:, 7/17/2008 12:00:00 AM, 68.44, 68.45, 67.00, 67.83, Sold:, 7/18/2008 12:00:00 AM, 67.75, 68.22, 67.55, 67.82, Low:, 67.00, Value:, 100.00
Bought:, 7/21/2008 12:00:00 AM, 67.98, 67.98, 67.00, 67.11, Sold:, 7/22/2008 12:00:00 AM, 67.02, 68.25, 67.02, 67.99, Low:, 67.00, Value:, 100.00
Bought:, 7/28/2008 12:00:00 AM, 68.96, 68.99, 68.42, 68.48, Sold:, 8/4/2008 12:00:00 AM, 68.18, 69.42, 67.97, 68.98, Low:, 67.93, Value:, 100.00
Bought:, 8/7/2008 12:00:00 AM, 70.57, 71.10, 70.01, 70.65, Sold:, 8/8/2008 12:00:00 AM, 70.77, 71.68, 70.38, 71.55, Low:, 70.01, Value:, 154.00
Bought:, 8/13/2008 12:00:00 AM, 71.67, 71.84, 71.00, 71.20, Sold:, 9/2/2008 12:00:00 AM, 71.09, 72.10, 70.77, 71.73, Low:, 70.42, Value:, 100.00
Bought:, 9/4/2008 12:00:00 AM, 71.49, 71.49, 70.40, 70.45, Sold:, 9/8/2008 12:00:00 AM, 71.20, 72.38, 70.80, 72.22, Low:, 70.40, Value:, 182.00
Bought:, 9/10/2008 12:00:00 AM, 71.65, 72.01, 71.02, 71.23, Sold:, 9/19/2008 12:00:00 AM, 71.85, 72.69, 69.21, 69.99, Low:, 69.20, Value:, 100.00
Bought:, 9/22/2008 12:00:00 AM, 69.83, 70.71, 68.30, 68.41, Sold:, 9/25/2008 12:00:00 AM, 68.55, 69.97, 68.46, 69.36, Low:, 68.30, Value:, 106.00
Bought:, 9/29/2008 12:00:00 AM, 68.81, 69.86, 66.90, 66.90, Sold:, 9/30/2008 12:00:00 AM, 67.50, 69.48, 67.41, 69.28, Low:, 66.90, Value:, 238.00
Bought:, 10/1/2008 12:00:00 AM, 69.07, 69.07, 67.28, 67.79, Sold:, 10/13/2008 12:00:00 AM, 58.46, 62.80, 57.95, 62.68, Low:, 52.06, Value:, -882.00
Bought:, 10/15/2008 12:00:00 AM, 64.31, 64.76, 60.10, 60.54, Sold:, 10/17/2008 12:00:00 AM, 62.95, 65.00, 62.04, 62.65, Low:, 60.10, Value:, 255.00
Bought:, 10/22/2008 12:00:00 AM, 62.27, 63.10, 60.25, 61.42, Sold:, 10/27/2008 12:00:00 AM, 60.41, 62.69, 60.10, 60.15, Low:, 58.64, Value:, 100.00
Bought:, 10/29/2008 12:00:00 AM, 63.37, 63.37, 60.04, 61.53, Sold:, 10/31/2008 12:00:00 AM, 60.84, 61.64, 59.83, 61.34, Low:, 60.04, Value:, 130.00
Bought:, 11/5/2008 12:00:00 AM, 61.75, 61.75, 59.73, 59.85, Sold:, 11/10/2008 12:00:00 AM, 61.00, 61.25, 59.58, 60.01, Low:, 58.28, Value:, 100.00
Bought:, 11/11/2008 12:00:00 AM, 59.29, 60.40, 58.01, 59.55, Sold:, 11/14/2008 12:00:00 AM, 61.52, 62.50, 59.62, 60.05, Low:, 58.01, Value:, 204.00
Bought:, 11/17/2008 12:00:00 AM, 58.80, 61.10, 58.65, 59.27, Sold:, 11/24/2008 12:00:00 AM, 59.22, 59.89, 57.92, 59.11, Low:, 54.49, Value:, 100.00
Bought:, 11/25/2008 12:00:00 AM, 59.99, 60.00, 57.46, 58.70, Sold:, 11/28/2008 12:00:00 AM, 58.47, 58.76, 57.63, 58.58, Low:, 57.46, Value:, 112.00
Bought:, 12/1/2008 12:00:00 AM, 57.66, 57.82, 55.22, 55.33, Sold:, 12/3/2008 12:00:00 AM, 56.08, 58.01, 55.50, 57.32, Low:, 55.22, Value:, 210.00
Bought:, 12/5/2008 12:00:00 AM, 55.86, 58.37, 55.25, 58.23, Sold:, 12/8/2008 12:00:00 AM, 59.07, 59.77, 57.75, 58.77, Low:, 55.25, Value:, 352.00
Bought:, 12/9/2008 12:00:00 AM, 58.95, 59.00, 57.50, 57.81, Sold:, 12/11/2008 12:00:00 AM, 57.40, 58.84, 57.05, 58.25, Low:, 56.84, Value:, 100.00
Bought:, 12/12/2008 12:00:00 AM, 57.21, 57.64, 56.41, 57.25, Sold:, 12/15/2008 12:00:00 AM, 57.73, 58.39, 56.95, 57.81, Low:, 56.41, Value:, 140.00
Bought:, 12/22/2008 12:00:00 AM, 59.18, 59.54, 58.06, 58.93, Sold:, 12/23/2008 12:00:00 AM, 59.19, 59.94, 58.58, 58.68, Low:, 58.06, Value:, 100.00
Bought:, 12/24/2008 12:00:00 AM, 58.80, 58.96, 58.26, 58.56, Sold:, 12/31/2008 12:00:00 AM, 59.18, 60.05, 59.07, 59.83, Low:, 58.26, Value:, 157.00
Bought:, 1/2/2009 12:00:00 AM, 60.13, 61.00, 59.04, 60.65, Sold:, 1/5/2009 12:00:00 AM, 60.42, 60.77, 59.36, 60.05, Low:, 59.04, Value:, 101.00
Bought:, 1/6/2009 12:00:00 AM, 60.33, 60.44, 58.90, 59.69, Sold:, 3/4/2009 12:00:00 AM, 47.78, 49.37, 47.39, 49.10, Low:, 47.34, Value:, -1112.00
Bought:, 3/6/2009 12:00:00 AM, 47.60, 48.59, 47.01, 47.97, Sold:, 3/11/2009 12:00:00 AM, 48.22, 48.73, 47.57, 47.90, Low:, 46.93, Value:, 100.00
Bought:, 3/12/2009 12:00:00 AM, 47.72, 49.32, 47.33, 49.00, Sold:, 3/13/2009 12:00:00 AM, 49.68, 50.79, 49.25, 50.64, Low:, 47.33, Value:, 331.00
Bought:, 3/17/2009 12:00:00 AM, 50.70, 50.79, 49.46, 50.72, Sold:, 3/18/2009 12:00:00 AM, 50.69, 51.58, 50.25, 50.66, Low:, 49.46, Value:, 120.00
Bought:, 3/19/2009 12:00:00 AM, 51.16, 51.16, 49.49, 50.06, Sold:, 3/20/2009 12:00:00 AM, 51.09, 52.00, 50.89, 51.67, Low:, 49.49, Value:, 218.00
Bought:, 3/25/2009 12:00:00 AM, 52.98, 53.27, 52.01, 52.86, Sold:, 3/26/2009 12:00:00 AM, 53.08, 53.70, 52.25, 52.90, Low:, 52.01, Value:, 100.00
Bought:, 3/30/2009 12:00:00 AM, 52.54, 53.46, 52.36, 53.01, Sold:, 3/31/2009 12:00:00 AM, 53.36, 53.50, 52.41, 52.60, Low:, 52.36, Value:, 100.00
Bought:, 4/1/2009 12:00:00 AM, 52.30, 53.20, 51.88, 53.04, Sold:, 4/2/2009 12:00:00 AM, 53.29, 54.13, 52.66, 52.97, Low:, 51.88, Value:, 109.00
Bought:, 4/3/2009 12:00:00 AM, 53.00, 53.30, 51.75, 52.15, Sold:, 4/17/2009 12:00:00 AM, 52.50, 53.37, 52.25, 53.05, Low:, 51.75, Value:, 130.00
Bought:, 4/21/2009 12:00:00 AM, 52.55, 52.88, 52.00, 52.46, Sold:, 5/4/2009 12:00:00 AM, 52.61, 53.90, 52.60, 53.76, Low:, 52.00, Value:, 176.00
Bought:, 5/7/2009 12:00:00 AM, 53.88, 55.00, 53.54, 54.89, Sold:, 5/8/2009 12:00:00 AM, 55.07, 55.50, 54.70, 54.98, Low:, 53.54, Value:, 144.00
Bought:, 5/11/2009 12:00:00 AM, 54.56, 54.87, 54.00, 54.11, Sold:, 5/13/2009 12:00:00 AM, 54.70, 55.44, 54.51, 55.15, Low:, 54.00, Value:, 115.00
Bought:, 5/15/2009 12:00:00 AM, 55.00, 55.44, 54.71, 55.41, Sold:, 5/18/2009 12:00:00 AM, 55.80, 56.12, 55.22, 56.05, Low:, 54.71, Value:, 134.00
Bought:, 5/21/2009 12:00:00 AM, 55.43, 55.58, 54.45, 54.99, Sold:, 5/27/2009 12:00:00 AM, 55.44, 55.50, 54.16, 54.22, Low:, 54.12, Value:, 100.00
Bought:, 5/28/2009 12:00:00 AM, 54.25, 54.92, 53.86, 54.53, Sold:, 5/29/2009 12:00:00 AM, 54.59, 55.28, 54.00, 55.16, Low:, 53.86, Value:, 130.00
Bought:, 6/4/2009 12:00:00 AM, 56.36, 56.40, 55.47, 55.84, Sold:, 6/11/2009 12:00:00 AM, 55.65, 56.48, 55.61, 56.05, Low:, 55.22, Value:, 100.00
Bought:, 6/15/2009 12:00:00 AM, 55.84, 55.98, 54.54, 54.75, Sold:, 6/18/2009 12:00:00 AM, 55.37, 56.17, 55.01, 55.79, Low:, 54.54, Value:, 125.00
Bought:, 6/22/2009 12:00:00 AM, 55.87, 55.96, 55.38, 55.49, Sold:, 6/25/2009 12:00:00 AM, 55.31, 56.44, 55.12, 56.27, Low:, 55.04, Value:, 100.00
Bought:, 7/2/2009 12:00:00 AM, 56.73, 56.73, 55.95, 55.98, Sold:, 7/8/2009 12:00:00 AM, 56.45, 57.22, 56.23, 57.08, Low:, 55.95, Value:, 113.00
Bought:, 7/10/2009 12:00:00 AM, 56.34, 57.38, 56.25, 56.93, Sold:, 7/13/2009 12:00:00 AM, 56.91, 57.86, 56.77, 57.72, Low:, 56.25, Value:, 147.00
Bought:, 7/17/2009 12:00:00 AM, 59.56, 59.56, 58.74, 59.23, Sold:, 7/21/2009 12:00:00 AM, 59.33, 59.90, 58.82, 59.49, Low:, 58.74, Value:, 100.00
Bought:, 7/28/2009 12:00:00 AM, 61.03, 61.57, 60.60, 60.92, Sold:, 7/30/2009 12:00:00 AM, 61.66, 62.47, 61.52, 61.79, Low:, 60.60, Value:, 119.00
Bought:, 7/31/2009 12:00:00 AM, 61.83, 62.17, 60.78, 60.89, Sold:, 10/12/2009 12:00:00 AM, 61.89, 62.74, 61.87, 62.53, Low:, 60.78, Value:, 175.00
Bought:, 10/13/2009 12:00:00 AM, 60.92, 61.40, 60.63, 61.01, Sold:, 11/16/2009 12:00:00 AM, 61.45, 62.35, 61.41, 62.19, Low:, 60.63, Value:, 156.00
Bought:, 11/19/2009 12:00:00 AM, 62.24, 62.49, 61.64, 62.43, Sold:, 11/23/2009 12:00:00 AM, 62.49, 63.10, 62.42, 62.69, Low:, 61.64, Value:, 105.00
Bought:, 11/27/2009 12:00:00 AM, 62.52, 63.09, 62.01, 62.89, Sold:, 12/1/2009 12:00:00 AM, 62.95, 63.66, 62.95, 63.51, Low:, 62.01, Value:, 150.00
Bought:, 12/8/2009 12:00:00 AM, 64.50, 64.64, 63.93, 64.25, Sold:, 12/10/2009 12:00:00 AM, 64.65, 65.00, 64.39, 64.77, Low:, 64.03, Value:, 100.00
Bought:, 12/15/2009 12:00:00 AM, 64.73, 64.80, 64.45, 64.74, Sold:, 1/19/2010 12:00:00 AM, 64.14, 65.75, 64.11, 65.35, Low:, 63.98, Value:, 100.00
Bought:, 1/21/2010 12:00:00 AM, 65.07, 65.47, 63.80, 63.97, Sold:, 3/19/2010 12:00:00 AM, 65.11, 65.49, 64.81, 65.11, Low:, 63.80, Value:, 131.00
Bought:, 3/23/2010 12:00:00 AM, 65.18, 65.39, 64.87, 65.36, Sold:, 4/5/2010 12:00:00 AM, 65.77, 65.89, 65.38, 65.40, Low:, 65.24, Value:, 100.00
Bought:, 4/6/2010 12:00:00 AM, 65.13, 65.45, 65.00, 65.31, Sold:, 4/19/2010 12:00:00 AM, 65.06, 66.10, 65.06, 66.03, Low:, 65.00, Value:, 103.00
Bought:, 4/21/2010 12:00:00 AM, 65.98, 65.98, 65.07, 65.39, Sold:, 6/7/2010 12:00:00 AM, 58.17, 58.55, 58.00, 58.00, Low:, 57.76, Value:, -690.00
Bought:, 6/8/2010 12:00:00 AM, 58.15, 58.71, 57.87, 58.64, Sold:, 6/9/2010 12:00:00 AM, 58.80, 58.94, 57.94, 58.17, Low:, 57.87, Value:, 100.00
Bought:, 6/11/2010 12:00:00 AM, 58.17, 58.48, 57.94, 58.46, Sold:, 6/14/2010 12:00:00 AM, 58.70, 59.10, 58.38, 58.42, Low:, 57.94, Value:, 100.00
Bought:, 6/17/2010 12:00:00 AM, 59.28, 59.44, 58.65, 59.18, Sold:, 6/21/2010 12:00:00 AM, 59.50, 59.80, 58.92, 59.13, Low:, 58.85, Value:, 100.00
Bought:, 6/23/2010 12:00:00 AM, 59.16, 59.42, 58.71, 59.24, Sold:, 6/24/2010 12:00:00 AM, 59.03, 59.94, 59.03, 59.60, Low:, 58.71, Value:, 100.00
Bought:, 6/25/2010 12:00:00 AM, 59.86, 59.87, 58.63, 58.70, Sold:, 6/28/2010 12:00:00 AM, 59.01, 59.79, 58.81, 59.45, Low:, 58.63, Value:, 100.00
Bought:, 6/29/2010 12:00:00 AM, 58.98, 59.42, 58.68, 59.24, Sold:, 7/7/2010 12:00:00 AM, 59.33, 60.70, 59.04, 60.61, Low:, 58.68, Value:, 193.00
Bought:, 7/9/2010 12:00:00 AM, 60.97, 61.07, 60.38, 60.54, Sold:, 9/16/2010 12:00:00 AM, 60.82, 61.39, 60.76, 61.29, Low:, 60.50, Value:, 100.00
Bought:, 9/23/2010 12:00:00 AM, 61.63, 62.00, 61.57, 61.81, Sold:, 10/5/2010 12:00:00 AM, 62.08, 62.94, 62.01, 62.80, Low:, 61.57, Value:, 123.00
Bought:, 10/12/2010 12:00:00 AM, 63.13, 63.44, 62.97, 63.29, Sold:, 10/18/2010 12:00:00 AM, 63.69, 63.98, 63.25, 63.86, Low:, 63.14, Value:, 100.00
Bought:, 10/19/2010 12:00:00 AM, 62.89, 63.67, 62.50, 63.29, Sold:, 10/20/2010 12:00:00 AM, 63.32, 64.03, 63.06, 63.60, Low:, 62.50, Value:, 110.00
Bought:, 10/26/2010 12:00:00 AM, 63.85, 63.95, 63.61, 63.84, Sold:, 11/4/2010 12:00:00 AM, 64.32, 64.92, 64.24, 64.76, Low:, 63.61, Value:, 115.00
Bought:, 11/5/2010 12:00:00 AM, 64.75, 64.84, 64.10, 64.65, Sold:, 4/26/2011 12:00:00 AM, 64.07, 65.30, 64.07, 64.95, Low:, 63.51, Value:, 100.00
Bought:, 4/27/2011 12:00:00 AM, 63.45, 65.60, 63.40, 65.57, Sold:, 4/28/2011 12:00:00 AM, 65.39, 65.74, 64.93, 65.38, Low:, 63.40, Value:, 198.00
Bought:, 5/4/2011 12:00:00 AM, 66.00, 66.32, 65.37, 65.67, Sold:, 5/11/2011 12:00:00 AM, 66.32, 66.74, 65.81, 66.57, Low:, 65.37, Value:, 120.00
Bought:, 5/17/2011 12:00:00 AM, 66.23, 66.48, 65.86, 66.40, Sold:, 5/27/2011 12:00:00 AM, 65.79, 66.97, 65.60, 66.77, Low:, 65.28, Value:, 100.00
Bought:, 6/1/2011 12:00:00 AM, 67.02, 67.29, 66.46, 66.48, Sold:, 7/5/2011 12:00:00 AM, 67.29, 67.67, 67.25, 67.62, Low:, 66.46, Value:, 116.00
Bought:, 7/8/2011 12:00:00 AM, 67.81, 67.99, 67.19, 67.57, Sold:, 8/10/2011 12:00:00 AM, 61.62, 61.96, 60.01, 60.20, Low:, 59.08, Value:, -537.5200
Bought:, 8/18/2011 12:00:00 AM, 63.19, 63.58, 62.02, 63.16, Sold:, 8/19/2011 12:00:00 AM, 62.91, 63.78, 62.74, 63.14, Low:, 62.02, Value:, 112.00
Bought:, 8/25/2011 12:00:00 AM, 65.49, 65.49, 64.20, 64.55, Sold:, 8/29/2011 12:00:00 AM, 64.64, 65.92, 64.56, 65.86, Low:, 64.20, Value:, 166.00
Bought:, 9/1/2011 12:00:00 AM, 65.66, 66.14, 65.11, 65.33, Sold:, 12/27/2011 12:00:00 AM, 65.99, 66.32, 65.90, 66.02, Low:, 65.18, Value:, 100.00
Bought:, 12/28/2011 12:00:00 AM, 65.97, 66.03, 65.30, 65.45, Sold:, 2/1/2012 12:00:00 AM, 65.97, 66.32, 65.65, 65.69, Low:, 65.56, Value:, 100.00
Bought:, 2/2/2012 12:00:00 AM, 65.94, 65.97, 65.35, 65.59, Sold:, 6/18/2012 12:00:00 AM, 65.82, 66.39, 65.82, 66.30, Low:, 65.51, Value:, 100.00
Bought:, 6/21/2012 12:00:00 AM, 66.55, 66.97, 66.16, 66.39, Sold:, 6/29/2012 12:00:00 AM, 67.30, 67.70, 67.21, 67.56, Low:, 66.16, Value:, 140.00
Bought:, 7/6/2012 12:00:00 AM, 67.51, 67.88, 67.36, 67.64, Sold:, 7/13/2012 12:00:00 AM, 67.79, 68.74, 67.73, 68.61, Low:, 67.36, Value:, 125.00
Bought:, 7/17/2012 12:00:00 AM, 67.84, 69.18, 67.61, 69.00, Sold:, 7/18/2012 12:00:00 AM, 68.74, 69.46, 68.66, 69.37, Low:, 67.61, Value:, 176.00
Bought:, 7/20/2012 12:00:00 AM, 69.35, 69.36, 68.35, 68.63, Sold:, 7/27/2012 12:00:00 AM, 68.95, 69.68, 68.89, 69.52, Low:, 68.35, Value:, 117.00
Bought:, 7/31/2012 12:00:00 AM, 69.25, 69.56, 69.10, 69.22, Sold:, 10/17/2012 12:00:00 AM, 69.73, 71.18, 69.55, 71.00, Low:, 69.10, Value:, 190.00
Bought:, 10/22/2012 12:00:00 AM, 71.79, 72.29, 71.33, 71.78, Sold:, 1/10/2013 12:00:00 AM, 71.81, 72.38, 71.74, 72.19, Low:, 71.50, Value:, 100.00
Bought:, 1/15/2013 12:00:00 AM, 72.25, 72.44, 72.00, 72.37, Sold:, 1/17/2013 12:00:00 AM, 72.88, 73.01, 72.37, 72.90, Low:, 72.25, Value:, 100.00
Bought:, 1/22/2013 12:00:00 AM, 72.92, 73.21, 72.42, 72.69, Sold:, 1/25/2013 12:00:00 AM, 73.13, 73.93, 73.06, 73.92, Low:, 72.42, Value:, 150.00
Bought:, 1/31/2013 12:00:00 AM, 74.08, 74.36, 73.78, 73.92, Sold:, 2/5/2013 12:00:00 AM, 74.49, 74.82, 74.47, 74.66, Low:, 73.56, Value:, 100.00
Bought:, 2/13/2013 12:00:00 AM, 75.79, 75.87, 75.37, 75.66, Sold:, 2/19/2013 12:00:00 AM, 76.03, 77.00, 75.96, 76.96, Low:, 75.37, Value:, 159.00
Bought:, 2/21/2013 12:00:00 AM, 76.47, 77.02, 76.38, 76.87, Sold:, 3/5/2013 12:00:00 AM, 77.56, 77.71, 77.44, 77.66, Low:, 76.38, Value:, 128.00
Bought:, 3/6/2013 12:00:00 AM, 77.69, 77.74, 77.22, 77.39, Sold:, 3/8/2013 12:00:00 AM, 77.84, 78.22, 77.70, 78.19, Low:, 77.59, Value:, 100.00
Bought:, 3/13/2013 12:00:00 AM, 78.52, 78.67, 78.20, 78.55, Sold:, 3/15/2013 12:00:00 AM, 78.62, 79.24, 78.62, 79.19, Low:, 78.49, Value:, 100.00
Bought:, 3/19/2013 12:00:00 AM, 78.98, 79.09, 78.50, 78.86, Sold:, 3/20/2013 12:00:00 AM, 79.18, 79.61, 79.17, 79.45, Low:, 78.50, Value:, 100.00
Bought:, 3/21/2013 12:00:00 AM, 79.12, 79.50, 78.77, 79.01, Sold:, 3/25/2013 12:00:00 AM, 79.83, 79.94, 79.47, 79.68, Low:, 79.02, Value:, 100.00
Bought:, 4/3/2013 12:00:00 AM, 82.74, 82.95, 81.57, 82.07, Sold:, 4/4/2013 12:00:00 AM, 82.20, 82.72, 81.93, 82.41, Low:, 81.57, Value:, 100.00
Bought:, 4/5/2013 12:00:00 AM, 81.79, 82.11, 81.62, 82.04, Sold:, 4/11/2013 12:00:00 AM, 82.14, 82.96, 82.08, 82.32, Low:, 81.74, Value:, 100.00
Bought:, 4/15/2013 12:00:00 AM, 82.72, 83.09, 81.71, 81.71, Sold:, 4/16/2013 12:00:00 AM, 82.33, 83.54, 82.07, 83.44, Low:, 81.71, Value:, 173.00
Bought:, 4/18/2013 12:00:00 AM, 83.96, 84.30, 83.03, 83.18, Sold:, 4/19/2013 12:00:00 AM, 83.51, 84.57, 83.47, 84.49, Low:, 83.03, Value:, 146.00
Bought:, 4/23/2013 12:00:00 AM, 84.99, 85.68, 84.00, 85.45, Sold:, 4/24/2013 12:00:00 AM, 85.68, 85.74, 84.28, 84.39, Low:, 84.00, Value:, 100.00
Bought:, 4/30/2013 12:00:00 AM, 85.39, 85.70, 84.89, 85.23, Sold:, 5/3/2013 12:00:00 AM, 85.58, 85.99, 85.45, 85.75, Low:, 84.17, Value:, 100.00
Bought:, 5/6/2013 12:00:00 AM, 85.78, 85.78, 84.55, 84.68, Sold:, 5/7/2013 12:00:00 AM, 84.87, 85.57, 84.63, 85.53, Low:, 84.55, Value:, 100.00
Bought:, 5/21/2013 12:00:00 AM, 87.94, 88.64, 87.79, 88.59, Sold:, 5/22/2013 12:00:00 AM, 88.70, 89.99, 88.20, 88.46, Low:, 87.79, Value:, 100.00
Bought:, 5/23/2013 12:00:00 AM, 87.11, 87.97, 87.00, 87.21, Sold:, 5/28/2013 12:00:00 AM, 87.54, 88.29, 87.27, 87.61, Low:, 86.49, Value:, 100.00
Bought:, 5/29/2013 12:00:00 AM, 87.08, 87.16, 85.14, 85.65, Sold:, 5/30/2013 12:00:00 AM, 85.71, 86.31, 85.68, 85.99, Low:, 85.14, Value:, 100.00
Bought:, 5/31/2013 12:00:00 AM, 85.68, 85.99, 84.18, 84.18, Sold:, 6/7/2013 12:00:00 AM, 84.96, 85.18, 84.40, 84.91, Low:, 82.65, Value:, 100.00
Bought:, 6/11/2013 12:00:00 AM, 84.76, 85.02, 84.13, 84.69, Sold:, 6/14/2013 12:00:00 AM, 84.71, 85.48, 84.66, 84.91, Low:, 83.08, Value:, 100.00
Bought:, 6/19/2013 12:00:00 AM, 86.43, 86.50, 84.80, 84.86, Sold:, 6/26/2013 12:00:00 AM, 85.95, 87.32, 85.94, 86.99, Low:, 84.80, Value:, 219.00
Bought:, 6/28/2013 12:00:00 AM, 86.72, 87.38, 85.85, 85.86, Sold:, 7/2/2013 12:00:00 AM, 86.65, 87.20, 86.21, 86.57, Low:, 85.50, Value:, 100.00
Bought:, 7/3/2013 12:00:00 AM, 86.54, 87.04, 86.10, 86.78, Sold:, 7/5/2013 12:00:00 AM, 87.58, 87.88, 86.92, 87.87, Low:, 86.10, Value:, 177.00
Bought:, 7/17/2013 12:00:00 AM, 90.58, 90.97, 89.88, 90.13, Sold:, 7/18/2013 12:00:00 AM, 90.33, 90.95, 90.06, 90.17, Low:, 89.88, Value:, 100.00
Bought:, 7/19/2013 12:00:00 AM, 90.24, 92.27, 90.05, 92.23, Sold:, 7/22/2013 12:00:00 AM, 92.08, 92.56, 91.61, 92.28, Low:, 90.05, Value:, 223.00
Bought:, 7/24/2013 12:00:00 AM, 92.65, 92.66, 91.75, 92.36, Sold:, 7/25/2013 12:00:00 AM, 92.00, 92.75, 91.75, 92.57, Low:, 91.75, Value:, 100.00
Bought:, 7/26/2013 12:00:00 AM, 92.32, 92.93, 91.65, 92.83, Sold:, 7/29/2013 12:00:00 AM, 92.63, 93.39, 92.61, 93.21, Low:, 91.65, Value:, 156.00
Bought:, 8/2/2013 12:00:00 AM, 93.56, 94.39, 93.45, 94.39, Sold:, 11/11/2013 12:00:00 AM, 93.97, 94.64, 93.94, 94.29, Low:, 92.56, Value:, 100.00
Bought:, 11/12/2013 12:00:00 AM, 93.98, 94.09, 93.00, 93.56, Sold:, 11/14/2013 12:00:00 AM, 93.40, 94.14, 93.40, 93.92, Low:, 92.32, Value:, 100.00
Bought:, 11/19/2013 12:00:00 AM, 94.27, 94.92, 94.00, 94.86, Sold:, 11/20/2013 12:00:00 AM, 94.94, 95.47, 94.66, 95.15, Low:, 94.00, Value:, 115.00
Bought:, 11/22/2013 12:00:00 AM, 94.39, 95.58, 94.39, 95.25, Sold:, 11/25/2013 12:00:00 AM, 95.49, 95.99, 95.08, 95.63, Low:, 94.39, Value:, 124.00
Bought:, 11/26/2013 12:00:00 AM, 95.58, 95.87, 94.97, 95.06, Sold:, 3/25/2014 12:00:00 AM, 95.70, 97.70, 95.70, 97.38, Low:, 94.97, Value:, 241.00
Bought:, 3/27/2014 12:00:00 AM, 97.08, 97.70, 96.26, 97.28, Sold:, 3/28/2014 12:00:00 AM, 97.51, 98.22, 96.96, 97.44, Low:, 96.26, Value:, 118.00
Bought:, 4/1/2014 12:00:00 AM, 98.31, 98.68, 97.37, 97.94, Sold:, 4/2/2014 12:00:00 AM, 98.01, 98.39, 97.37, 98.23, Low:, 97.37, Value:, 100.00
Bought:, 4/7/2014 12:00:00 AM, 98.39, 99.36, 97.83, 97.89, Sold:, 4/9/2014 12:00:00 AM, 98.42, 99.00, 97.78, 98.95, Low:, 97.83, Value:, 112.00
Bought:, 4/10/2014 12:00:00 AM, 98.86, 98.93, 96.52, 96.54, Sold:, 4/15/2014 12:00:00 AM, 98.45, 99.21, 98.05, 99.20, Low:, 96.52, Value:, 268.00
Bought:, 4/21/2014 12:00:00 AM, 99.01, 100.13, 98.67, 100.00, Sold:, 4/22/2014 12:00:00 AM, 100.00, 100.75, 99.74, 100.18, Low:, 98.67, Value:, 151.00
Bought:, 4/24/2014 12:00:00 AM, 100.24, 100.37, 99.55, 99.96, Sold:, 4/28/2014 12:00:00 AM, 100.56, 101.50, 100.12, 101.34, Low:, 99.55, Value:, 179.00
Bought:, 4/30/2014 12:00:00 AM, 100.84, 101.67, 100.70, 101.29, Sold:, 6/2/2014 12:00:00 AM, 101.54, 102.26, 101.01, 102.17, Low:, 100.70, Value:, 147.00
Bought:, 6/9/2014 12:00:00 AM, 103.07, 103.23, 102.68, 103.22, Sold:, 6/10/2014 12:00:00 AM, 103.47, 104.12, 102.77, 104.10, Low:, 102.68, Value:, 142.00
Bought:, 6/12/2014 12:00:00 AM, 103.18, 103.21, 102.51, 102.53, Sold:, 6/19/2014 12:00:00 AM, 102.93, 103.87, 102.81, 103.81, Low:, 102.51, Value:, 130.00
Bought:, 6/25/2014 12:00:00 AM, 104.23, 105.87, 104.23, 105.76, Sold:, 6/26/2014 12:00:00 AM, 105.84, 105.97, 105.03, 105.65, Low:, 104.23, Value:, 142.00
Bought:, 6/27/2014 12:00:00 AM, 105.47, 105.59, 104.45, 104.99, Sold:, 6/30/2014 12:00:00 AM, 105.62, 106.00, 104.52, 104.62, Low:, 104.45, Value:, 100.00
Bought:, 7/3/2014 12:00:00 AM, 105.87, 106.25, 105.11, 105.42, Sold:, 7/7/2014 12:00:00 AM, 105.42, 106.74, 105.27, 106.47, Low:, 105.11, Value:, 136.00
Bought:, 7/10/2014 12:00:00 AM, 105.08, 106.00, 104.52, 105.80, Sold:, 7/11/2014 12:00:00 AM, 105.84, 106.01, 104.86, 105.10, Low:, 104.52, Value:, 100.00
Bought:, 7/15/2014 12:00:00 AM, 105.23, 105.47, 102.77, 103.28, Sold:, 8/21/2014 12:00:00 AM, 103.33, 104.42, 103.33, 104.19, Low:, 102.77, Value:, 142.00
Bought:, 8/22/2014 12:00:00 AM, 103.63, 104.03, 102.97, 103.10, Sold:, 9/3/2014 12:00:00 AM, 103.82, 104.10, 103.54, 103.76, Low:, 103.02, Value:, 100.00
Bought:, 9/5/2014 12:00:00 AM, 103.92, 104.42, 103.34, 104.42, Sold:, 9/8/2014 12:00:00 AM, 104.42, 104.58, 103.83, 104.05, Low:, 103.34, Value:, 100.00
Bought:, 9/9/2014 12:00:00 AM, 104.40, 104.40, 103.55, 103.80, Sold:, 9/10/2014 12:00:00 AM, 104.19, 105.34, 103.96, 104.99, Low:, 103.55, Value:, 144.00
Bought:, 9/12/2014 12:00:00 AM, 104.54, 104.81, 103.96, 104.58, Sold:, 9/17/2014 12:00:00 AM, 105.88, 106.63, 105.80, 106.19, Low:, 103.96, Value:, 223.00
Bought:, 9/23/2014 12:00:00 AM, 107.77, 108.10, 107.19, 107.46, Sold:, 9/24/2014 12:00:00 AM, 107.70, 108.77, 107.34, 108.64, Low:, 107.19, Value:, 145.00
Bought:, 9/25/2014 12:00:00 AM, 108.53, 108.55, 107.07, 107.10, Sold:, 10/31/2014 12:00:00 AM, 107.94, 108.18, 107.26, 107.78, Low:, 104.91, Value:, 100.00
Bought:, 11/3/2014 12:00:00 AM, 107.83, 108.12, 106.75, 107.46, Sold:, 11/4/2014 12:00:00 AM, 107.89, 108.73, 107.34, 108.62, Low:, 106.75, Value:, 187.00
Bought:, 11/7/2014 12:00:00 AM, 109.00, 109.03, 107.92, 108.20, Sold:, 11/11/2014 12:00:00 AM, 108.88, 109.40, 108.55, 108.91, Low:, 107.20, Value:, 100.00
Bought:, 11/12/2014 12:00:00 AM, 108.67, 109.00, 108.39, 108.75, Sold:, 11/13/2014 12:00:00 AM, 109.05, 109.49, 108.50, 109.07, Low:, 108.39, Value:, 100.00
Bought:, 11/14/2014 12:00:00 AM, 108.92, 109.06, 108.01, 108.16, Sold:, 11/18/2014 12:00:00 AM, 108.13, 109.06, 107.72, 108.83, Low:, 107.61, Value:, 100.00
Bought:, 11/20/2014 12:00:00 AM, 108.55, 108.57, 107.69, 108.18, Sold:, 11/28/2014 12:00:00 AM, 107.61, 108.82, 107.33, 108.25, Low:, 106.60, Value:, 100.00
Bought:, 12/4/2014 12:00:00 AM, 108.09, 108.30, 107.38, 107.56, Sold:, 12/8/2014 12:00:00 AM, 108.42, 108.88, 108.14, 108.52, Low:, 107.38, Value:, 114.00

 Bought:, 12/9/2014 12:00:00 AM, 108.22, 108.47, 106.89, 108.05
 Last:, 5/27/2015 12:00:00 AM, 101.01, 101.41, 100.80, 101.13
Daily Low:, 5/27/2015 12:00:00 AM, 101.01, 101.41, 100.80, 101.13
 Date:, 5/27/2015 12:00:00 AM
  Low:, 100.80
gains:, 59998.5000
 loss:, -14219.890000
  sum:, 45778.610000
