Bought:, 3/10/1999 12:00:00 AM, 102.25, 102.3125, 100.5625, 102.125, Sold:, 3/11/1999 12:00:00 AM, 102.875, 103.46876, 100.625, 102.625, Low:, 100.5625, Value:, 2062.5000
Bought:, 3/12/1999 12:00:00 AM, 102.25, 102.3125, 99.3125, 100.125, Sold:, 3/15/1999 12:00:00 AM, 100.875, 103.125, 99.8125, 103.00, Low:, 99.3125, Value:, 3687.5000
Bought:, 3/19/1999 12:00:00 AM, 106.50, 106.50, 102.375, 102.4375, Sold:, 3/25/1999 12:00:00 AM, 102.50, 104.625, 101.82812, 104.625, Low:, 102.375, Value:, 2250.000
Bought:, 3/31/1999 12:00:00 AM, 108.25, 108.375, 104.625, 104.9375, Sold:, 4/1/1999 12:00:00 AM, 108.00, 108.125, 105.375, 107.125, Low:, 104.625, Value:, 2500.000
Bought:, 4/7/1999 12:00:00 AM, 112.25, 112.50, 107.6875, 110.0625, Sold:, 4/9/1999 12:00:00 AM, 110.75, 111.875, 110.4375, 111.625, Low:, 107.6875, Value:, 3937.5000
Bought:, 4/12/1999 12:00:00 AM, 109.00, 111.625, 108.875, 110.875, Sold:, 4/21/1999 12:00:00 AM, 102.25, 106.375, 100.875, 106.3125, Low:, 97.6875, Value:, -6625.000
Bought:, 4/27/1999 12:00:00 AM, 114.00, 114.5625, 110.01562, 111.4375, Sold:, 5/13/1999 12:00:00 AM, 111.8125, 112.00, 108.375, 108.875, Low:, 106.00, Value:, 1000.00
Bought:, 5/14/1999 12:00:00 AM, 106.75, 108.00, 106.00, 106.8125, Sold:, 5/18/1999 12:00:00 AM, 108.625, 109.25, 107.00, 108.25, Low:, 106.00, Value:, 2250.00
Bought:, 5/20/1999 12:00:00 AM, 109.98438, 109.98438, 106.5625, 106.73438, Sold:, 6/7/1999 12:00:00 AM, 105.85938, 107.98438, 105.625, 107.3125, Low:, 102.75, Value:, 1000.00
Bought:, 6/8/1999 12:00:00 AM, 107.5625, 108.0625, 104.07812, 104.625, Sold:, 6/9/1999 12:00:00 AM, 105.00, 106.67188, 104.9375, 106.375, Low:, 104.07812, Value:, 2296.88000
Bought:, 6/10/1999 12:00:00 AM, 105.25, 105.875, 103.89062, 105.15624, Sold:, 6/16/1999 12:00:00 AM, 105.6875, 108.42188, 105.5625, 108.42188, Low:, 103.89062, Value:, 4531.26000
Bought:, 6/22/1999 12:00:00 AM, 112.75, 114.1875, 110.00, 110.00, Sold:, 6/28/1999 12:00:00 AM, 110.3125, 112.125, 109.40624, 111.96876, Low:, 110.00, Value:, 1968.76000
Bought:, 7/7/1999 12:00:00 AM, 116.6875, 117.4375, 115.875, 116.9375, Sold:, 7/8/1999 12:00:00 AM, 116.9375, 118.98438, 116.375, 118.50, Low:, 115.875, Value:, 2625.000
Bought:, 7/13/1999 12:00:00 AM, 118.50, 118.9375, 117.5625, 118.50, Sold:, 7/14/1999 12:00:00 AM, 119.6875, 120.75, 118.00, 120.51562, Low:, 117.5625, Value:, 2953.12000
Bought:, 7/19/1999 12:00:00 AM, 123.25, 123.25, 121.01562, 121.50, Sold:, 7/27/1999 12:00:00 AM, 114.00, 115.75, 113.03124, 114.00, Low:, 111.5625, Value:, -9681.2496000
Bought:, 7/29/1999 12:00:00 AM, 114.0625, 115.00, 112.625, 113.75, Sold:, 7/30/1999 12:00:00 AM, 114.25, 115.50, 113.01562, 113.1875, Low:, 112.625, Value:, 1000.00
Bought:, 8/2/1999 12:00:00 AM, 113.375, 115.625, 112.4375, 112.875, Sold:, 8/13/1999 12:00:00 AM, 112.8125, 115.4375, 112.625, 115.3125, Low:, 112.4375, Value:, 2875.0000
Bought:, 8/19/1999 12:00:00 AM, 114.4375, 115.25, 113.39062, 114.125, Sold:, 8/20/1999 12:00:00 AM, 114.25, 115.9375, 113.625, 115.9375, Low:, 113.39062, Value:, 2546.88000
Bought:, 8/27/1999 12:00:00 AM, 121.85938, 121.875, 119.4375, 119.75, Sold:, 9/1/1999 12:00:00 AM, 120.125, 121.25, 119.375, 120.23438, Low:, 116.25, Value:, 1000.00
Bought:, 9/2/1999 12:00:00 AM, 118.00, 120.4375, 117.75, 119.8125, Sold:, 9/3/1999 12:00:00 AM, 123.25, 125.35938, 122.8125, 125.3125, Low:, 117.75, Value:, 7562.5000
Bought:, 9/8/1999 12:00:00 AM, 124.00, 125.25, 122.0625, 123.0625, Sold:, 9/9/1999 12:00:00 AM, 123.125, 125.125, 122.50, 124.8125, Low:, 122.0625, Value:, 2750.0000
Bought:, 9/13/1999 12:00:00 AM, 126.125, 126.375, 124.0625, 124.73438, Sold:, 9/17/1999 12:00:00 AM, 124.0625, 126.875, 123.875, 126.625, Low:, 124.0625, Value:, 2562.5000
Bought:, 9/21/1999 12:00:00 AM, 125.8125, 126.0625, 123.51562, 123.875, Sold:, 10/5/1999 12:00:00 AM, 123.5625, 125.50, 121.375, 124.00, Low:, 120.375, Value:, 1000.00
Bought:, 10/8/1999 12:00:00 AM, 125.6875, 127.875, 124.00, 127.51562, Sold:, 10/11/1999 12:00:00 AM, 127.875, 129.375, 127.5625, 129.3125, Low:, 124.00, Value:, 5312.5000
Bought:, 10/12/1999 12:00:00 AM, 128.875, 129.90623, 126.00, 126.375, Sold:, 10/19/1999 12:00:00 AM, 119.51562, 120.125, 116.875, 118.875, Low:, 114.82812, Value:, -10080.0000
Bought:, 10/25/1999 12:00:00 AM, 123.375, 125.35938, 122.875, 124.00, Sold:, 10/28/1999 12:00:00 AM, 124.75, 127.50, 123.625, 127.0625, Low:, 122.875, Value:, 4187.5000
Bought:, 11/2/1999 12:00:00 AM, 131.50, 133.125, 130.39062, 130.89062, Sold:, 11/3/1999 12:00:00 AM, 132.75, 134.25, 132.375, 133.50, Low:, 130.39062, Value:, 3109.38000
Bought:, 11/12/1999 12:00:00 AM, 143.25, 144.50, 138.75, 144.375, Sold:, 11/15/1999 12:00:00 AM, 144.50, 145.00, 143.375, 144.09377, Low:, 138.75, Value:, 5343.77000
Bought:, 11/23/1999 12:00:00 AM, 152.875, 153.00, 148.50, 149.9375, Sold:, 11/24/1999 12:00:00 AM, 150.375, 155.48438, 148.8125, 154.875, Low:, 148.50, Value:, 6375.000
Bought:, 11/29/1999 12:00:00 AM, 155.0625, 156.375, 152.625, 152.8125, Sold:, 12/2/1999 12:00:00 AM, 150.75, 155.25, 150.65623, 154.95312, Low:, 152.625, Value:, 2328.12000
Bought:, 12/6/1999 12:00:00 AM, 158.85938, 161.00, 157.375, 159.6875, Sold:, 12/7/1999 12:00:00 AM, 160.1875, 160.8125, 157.67188, 159.6875, Low:, 157.375, Value:, 2312.5000
Bought:, 12/8/1999 12:00:00 AM, 159.73438, 160.98438, 157.375, 157.75, Sold:, 12/10/1999 12:00:00 AM, 159.8125, 160.375, 156.25, 159.8125, Low:, 157.375, Value:, 2437.5000
Bought:, 12/14/1999 12:00:00 AM, 161.50, 162.4375, 158.00, 159.0625, Sold:, 12/16/1999 12:00:00 AM, 164.25, 166.50, 163.50, 166.125, Low:, 158.00, Value:, 8125.000
Bought:, 12/27/1999 12:00:00 AM, 180.625, 180.6875, 175.8125, 179.375, Sold:, 12/28/1999 12:00:00 AM, 179.50, 181.00, 177.125, 178.25, Low:, 175.8125, Value:, 2437.5000
Bought:, 12/31/1999 12:00:00 AM, 185.25, 186.375, 182.75, 182.75, Sold:, 1/7/2000 12:00:00 AM, 165.875, 180.00, 165.00, 180.00, Low:, 159.50, Value:, -16875.000
Bought:, 1/11/2000 12:00:00 AM, 183.50, 185.75, 174.00, 176.00, Sold:, 1/13/2000 12:00:00 AM, 177.00, 183.00, 174.15623, 182.50, Low:, 174.00, Value:, 8500.00
Bought:, 1/18/2000 12:00:00 AM, 184.125, 188.875, 182.875, 187.75, Sold:, 1/19/2000 12:00:00 AM, 186.98438, 192.00, 184.85938, 192.00, Low:, 182.875, Value:, 9125.000
Bought:, 1/24/2000 12:00:00 AM, 194.875, 195.25, 181.9375, 183.25, Sold:, 2/1/2000 12:00:00 AM, 179.0625, 185.00, 176.875, 184.1875, Low:, 181.9375, Value:, 2250.0000
Bought:, 2/9/2000 12:00:00 AM, 204.125, 204.39062, 197.50, 198.00, Sold:, 2/16/2000 12:00:00 AM, 199.8125, 203.375, 198.625, 200.00, Low:, 197.50, Value:, 2500.00
Bought:, 2/18/2000 12:00:00 AM, 205.25, 206.00, 196.875, 196.875, Sold:, 2/23/2000 12:00:00 AM, 199.35938, 210.00, 198.3125, 208.50, Low:, 196.875, Value:, 11625.000
Bought:, 2/28/2000 12:00:00 AM, 206.50, 211.375, 201.00, 208.00, Sold:, 2/29/2000 12:00:00 AM, 211.50, 214.1875, 209.875, 213.50, Low:, 201.00, Value:, 12500.00
Bought:, 3/2/2000 12:00:00 AM, 216.125, 216.375, 209.50, 210.26562, Sold:, 3/3/2000 12:00:00 AM, 216.00, 222.25, 214.00, 222.125, Low:, 209.50, Value:, 12625.000
Bought:, 3/7/2000 12:00:00 AM, 227.625, 227.75, 217.50, 220.50, Sold:, 3/9/2000 12:00:00 AM, 222.4375, 231.00, 218.1875, 230.00, Low:, 217.50, Value:, 12500.00
Bought:, 3/13/2000 12:00:00 AM, 220.00, 228.25, 219.0625, 223.00, Sold:, 3/17/2000 12:00:00 AM, 216.00, 222.125, 215.875, 221.625, Low:, 219.0625, Value:, 2562.5000
Stock split:, 3/20/2000 12:00:00 AM, 111.00, 111.50, 106.25, 107.6875, Low: 215.875
Bought:, 3/21/2000 12:00:00 AM, 106.125, 111.9375, 103.5625, 111.75, Sold:, 3/22/2000 12:00:00 AM, 113.50, 115.96875, 111.125, 114.00, Low:, 103.5625, Value:, 10437.5000
Bought:, 3/28/2000 12:00:00 AM, 116.98438, 117.8125, 113.125, 114.75, Sold:, 3/31/2000 12:00:00 AM, 108.14062, 110.625, 104.00, 109.50, Low:, 103.50, Value:, -9050.00000
Bought:, 4/3/2000 12:00:00 AM, 107.76562, 109.125, 100.75, 102.9375, Sold:, 4/5/2000 12:00:00 AM, 97.50, 103.9375, 96.25, 100.125, Low:, 88.3125, Value:, 1000.00
Bought:, 4/10/2000 12:00:00 AM, 107.625, 107.6875, 99.25, 100.125, Sold:, 4/17/2000 12:00:00 AM, 78.01562, 90.00, 78.00, 89.625, Low:, 78.00, Value:, -21234.38000
Bought:, 4/20/2000 12:00:00 AM, 90.375, 90.96875, 86.0625, 87.25, Sold:, 4/25/2000 12:00:00 AM, 86.50, 90.50, 86.00, 90.46875, Low:, 86.0625, Value:, 4406.25000
Bought:, 4/27/2000 12:00:00 AM, 84.00, 92.48438, 82.25, 91.25, Sold:, 4/28/2000 12:00:00 AM, 93.5625, 94.75, 92.125, 94.75, Low:, 82.25, Value:, 12500.00
Bought:, 5/2/2000 12:00:00 AM, 94.875, 95.625, 89.75, 90.125, Sold:, 5/4/2000 12:00:00 AM, 89.00, 90.75, 87.625, 89.3125, Low:, 85.51562, Value:, 1000.00
Bought:, 5/8/2000 12:00:00 AM, 90.50, 90.75, 87.75, 87.875, Sold:, 5/11/2000 12:00:00 AM, 82.75, 85.25, 80.875, 84.625, Low:, 79.50, Value:, -7020.0000
Bought:, 5/15/2000 12:00:00 AM, 84.8125, 88.625, 82.625, 88.3125, Sold:, 5/16/2000 12:00:00 AM, 90.00, 91.50, 88.0625, 90.8125, Low:, 82.625, Value:, 8187.5000
Bought:, 5/17/2000 12:00:00 AM, 89.25, 90.50, 87.75, 88.9375, Sold:, 5/25/2000 12:00:00 AM, 80.25, 82.25, 76.50, 77.75, Low:, 72.25, Value:, -7500.00
Bought:, 5/26/2000 12:00:00 AM, 77.75, 79.25, 75.75, 77.75, Sold:, 5/30/2000 12:00:00 AM, 80.00, 85.9375, 80.00, 85.5625, Low:, 75.75, Value:, 9812.5000
Bought:, 6/2/2000 12:00:00 AM, 92.625, 93.9375, 82.50, 93.625, Sold:, 6/5/2000 12:00:00 AM, 92.25, 95.3125, 91.875, 93.85938, Low:, 82.50, Value:, 11359.38000
Bought:, 6/6/2000 12:00:00 AM, 93.1875, 95.00, 90.875, 91.25, Sold:, 6/8/2000 12:00:00 AM, 94.625, 94.875, 91.625, 93.25, Low:, 90.875, Value:, 2375.000
Bought:, 6/12/2000 12:00:00 AM, 94.3125, 94.3125, 90.00, 90.75, Sold:, 6/14/2000 12:00:00 AM, 94.875, 94.875, 91.50, 92.125, Low:, 90.00, Value:, 2125.000
Bought:, 6/15/2000 12:00:00 AM, 91.875, 93.875, 90.875, 93.75, Sold:, 6/16/2000 12:00:00 AM, 94.75, 95.3125, 93.0625, 94.25, Low:, 90.875, Value:, 3375.000
Bought:, 6/19/2000 12:00:00 AM, 94.01562, 98.25, 92.6875, 98.00, Sold:, 6/20/2000 12:00:00 AM, 98.25, 99.6875, 97.1875, 97.625, Low:, 92.6875, Value:, 4937.5000
Bought:, 6/21/2000 12:00:00 AM, 96.8125, 99.71875, 96.6875, 98.875, Sold:, 7/12/2000 12:00:00 AM, 95.4375, 97.75, 94.625, 97.25, Low:, 92.8125, Value:, 1000.00
Bought:, 7/18/2000 12:00:00 AM, 100.375, 100.78125, 98.35938, 99.50, Sold:, 7/20/2000 12:00:00 AM, 97.875, 100.50, 97.26562, 100.375, Low:, 98.35938, Value:, 2015.62000
Bought:, 7/21/2000 12:00:00 AM, 98.4375, 99.51562, 97.00, 97.00, Sold:, 8/1/2000 12:00:00 AM, 89.8125, 89.98438, 87.6875, 88.25, Low:, 85.71875, Value:, -7187.5000
Bought:, 8/2/2000 12:00:00 AM, 87.875, 90.39062, 86.50, 86.6875, Sold:, 8/4/2000 12:00:00 AM, 92.00, 92.76562, 89.125, 90.125, Low:, 86.50, Value:, 3625.000
Bought:, 8/9/2000 12:00:00 AM, 93.6875, 94.4375, 91.375, 91.625, Sold:, 8/14/2000 12:00:00 AM, 91.375, 93.00, 90.20312, 93.00, Low:, 91.375, Value:, 1625.000
Bought:, 8/21/2000 12:00:00 AM, 96.00, 96.85938, 94.375, 95.50, Sold:, 8/22/2000 12:00:00 AM, 96.00, 97.35938, 95.26562, 95.50, Low:, 94.375, Value:, 1125.000
Bought:, 8/23/2000 12:00:00 AM, 94.6875, 97.4375, 93.82812, 97.0625, Sold:, 8/24/2000 12:00:00 AM, 97.4375, 98.6875, 96.0625, 98.5625, Low:, 93.82812, Value:, 4734.38000
Bought:, 8/29/2000 12:00:00 AM, 98.625, 99.17188, 97.85938, 99.00, Sold:, 8/31/2000 12:00:00 AM, 99.625, 102.00, 98.875, 101.625, Low:, 97.85938, Value:, 3765.62000
Bought:, 9/5/2000 12:00:00 AM, 101.625, 101.75, 99.42188, 99.50, Sold:, 9/14/2000 12:00:00 AM, 95.25, 95.9375, 92.64062, 93.00, Low:, 90.00, Value:, -7953.7504000
Bought:, 9/15/2000 12:00:00 AM, 93.125, 93.625, 90.6875, 91.3125, Sold:, 9/19/2000 12:00:00 AM, 90.75, 93.78125, 89.875, 93.1875, Low:, 90.6875, Value:, 2500.0000
Bought:, 9/21/2000 12:00:00 AM, 93.75, 94.48438, 87.00, 87.75, Sold:, 9/22/2000 12:00:00 AM, 87.625, 93.25, 87.50, 92.9375, Low:, 87.00, Value:, 5937.5000
Bought:, 9/26/2000 12:00:00 AM, 90.76562, 92.50, 88.92188, 89.4375, Sold:, 9/28/2000 12:00:00 AM, 88.71875, 93.00, 88.71875, 91.5625, Low:, 88.92188, Value:, 2640.62000
Bought:, 9/29/2000 12:00:00 AM, 92.00, 92.45312, 88.6875, 88.75, Sold:, 10/13/2000 12:00:00 AM, 74.6875, 81.625, 74.625, 81.25, Low:, 74.40625, Value:, -14000.0000
Bought:, 10/17/2000 12:00:00 AM, 83.125, 83.17188, 78.00, 78.25, Sold:, 10/19/2000 12:00:00 AM, 82.39062, 85.10938, 81.4375, 85.0625, Low:, 78.00, Value:, 7062.5000
Bought:, 10/23/2000 12:00:00 AM, 86.1875, 87.50, 84.125, 86.1875, Sold:, 10/27/2000 12:00:00 AM, 80.85938, 81.85938, 77.48438, 79.71875, Low:, 73.625, Value:, -6730.00000
Bought:, 10/30/2000 12:00:00 AM, 78.1875, 79.875, 75.70312, 76.76562, Sold:, 10/31/2000 12:00:00 AM, 78.00, 82.5625, 77.875, 81.70312, Low:, 75.70312, Value:, 6000.00000
Bought:, 11/7/2000 12:00:00 AM, 81.4375, 82.46875, 80.25, 82.125, Sold:, 11/14/2000 12:00:00 AM, 73.00, 76.00, 72.75, 75.84375, Low:, 68.26562, Value:, -7250.00
Bought:, 11/16/2000 12:00:00 AM, 75.375, 77.00, 72.875, 72.875, Sold:, 11/24/2000 12:00:00 AM, 68.375, 70.625, 68.17188, 70.4375, Low:, 66.50, Value:, -4500.000
Bought:, 11/28/2000 12:00:00 AM, 68.9375, 69.9375, 65.3125, 65.45312, Sold:, 12/1/2000 12:00:00 AM, 64.0625, 66.76562, 62.125, 64.00, Low:, 60.50, Value:, 1000.00
Bought:, 12/4/2000 12:00:00 AM, 64.125, 65.35938, 61.75, 65.00, Sold:, 12/5/2000 12:00:00 AM, 66.0625, 71.00, 65.50, 70.6875, Low:, 61.75, Value:, 8937.5000
Bought:, 12/7/2000 12:00:00 AM, 67.00, 68.98438, 65.50, 66.50, Sold:, 12/8/2000 12:00:00 AM, 71.09375, 73.50, 67.625, 68.00, Low:, 65.50, Value:, 2500.00
Bought:, 12/13/2000 12:00:00 AM, 73.4375, 73.50, 68.3125, 68.73438, Sold:, 12/18/2000 12:00:00 AM, 65.15625, 65.96875, 62.5625, 64.00, Low:, 62.5625, Value:, -5465.000000
Bought:, 12/19/2000 12:00:00 AM, 63.45312, 65.85938, 58.75, 59.125, Sold:, 12/22/2000 12:00:00 AM, 57.625, 60.75, 57.50, 60.50, Low:, 58.75, Value:, 1750.00
Bought:, 12/29/2000 12:00:00 AM, 61.5625, 62.23438, 58.00, 58.375, Sold:, 1/4/2001 12:00:00 AM, 61.625, 63.625, 60.23438, 61.3125, Low:, 58.00, Value:, 3312.5000
Bought:, 1/5/2001 12:00:00 AM, 61.3125, 61.3125, 56.00, 56.625, Sold:, 1/9/2001 12:00:00 AM, 57.75, 59.125, 56.625, 57.25, Low:, 56.00, Value:, 1250.00
Bought:, 1/10/2001 12:00:00 AM, 56.125, 60.375, 55.75, 60.1875, Sold:, 1/11/2001 12:00:00 AM, 59.26562, 63.6875, 59.1875, 61.9375, Low:, 55.75, Value:, 6187.5000
Bought:, 1/16/2001 12:00:00 AM, 62.5625, 62.92188, 60.5625, 61.98438, Sold:, 1/17/2001 12:00:00 AM, 64.50, 65.60938, 63.14062, 63.875, Low:, 60.5625, Value:, 3312.5000
Bought:, 1/18/2001 12:00:00 AM, 64.125, 66.75, 62.6875, 66.5625, Sold:, 1/19/2001 12:00:00 AM, 68.14062, 68.3125, 65.5625, 66.3125, Low:, 62.6875, Value:, 3625.0000
Bought:, 1/22/2001 12:00:00 AM, 65.875, 67.00, 64.75, 66.375, Sold:, 1/23/2001 12:00:00 AM, 65.90625, 68.40625, 65.3125, 67.76562, Low:, 64.75, Value:, 3015.62000
Bought:, 1/25/2001 12:00:00 AM, 66.875, 67.67188, 64.39062, 64.50, Sold:, 1/29/2001 12:00:00 AM, 64.75, 67.25, 64.25, 67.00, Low:, 64.39062, Value:, 2609.38000
Bought:, 1/31/2001 12:00:00 AM, 67.25, 67.99, 64.30, 64.30, Sold:, 2/5/2001 12:00:00 AM, 61.19, 61.90, 60.12, 61.50, Low:, 60.00, Value:, -5144.0000
Bought:, 2/7/2001 12:00:00 AM, 60.51, 61.20, 58.58, 60.60, Sold:, 2/8/2001 12:00:00 AM, 60.90, 61.50, 58.58, 58.79, Low:, 58.58, Value:, 1000.00
Bought:, 2/9/2001 12:00:00 AM, 58.25, 58.60, 56.00, 56.40, Sold:, 2/15/2001 12:00:00 AM, 58.80, 60.49, 58.30, 58.40, Low:, 56.00, Value:, 2400.00
Bought:, 2/16/2001 12:00:00 AM, 55.96, 56.87, 54.53, 55.13, Sold:, 2/26/2001 12:00:00 AM, 52.08, 52.60, 50.25, 52.15, Low:, 48.23, Value:, -4362.4000
Bought:, 2/27/2001 12:00:00 AM, 51.54, 52.08, 48.90, 49.00, Sold:, 3/6/2001 12:00:00 AM, 49.30, 50.66, 49.10, 49.40, Low:, 47.09, Value:, 1000.00
Bought:, 3/7/2001 12:00:00 AM, 50.40, 50.43, 48.97, 49.42, Sold:, 3/13/2001 12:00:00 AM, 42.78, 44.74, 42.13, 44.45, Low:, 41.80, Value:, -6190.00
Bought:, 3/15/2001 12:00:00 AM, 45.20, 45.31, 42.05, 42.15, Sold:, 3/19/2001 12:00:00 AM, 41.44, 43.26, 40.75, 43.26, Low:, 42.05, Value:, 1210.00
Bought:, 3/20/2001 12:00:00 AM, 43.44, 43.81, 40.20, 40.35, Sold:, 3/23/2001 12:00:00 AM, 43.55, 43.83, 41.50, 42.80, Low:, 40.20, Value:, 2600.00
Bought:, 3/27/2001 12:00:00 AM, 41.80, 43.72, 41.42, 43.25, Sold:, 4/5/2001 12:00:00 AM, 36.00, 37.96, 35.71, 37.31, Low:, 33.60, Value:, -5420.00
Bought:, 4/6/2001 12:00:00 AM, 36.90, 37.10, 35.50, 35.95, Sold:, 4/9/2001 12:00:00 AM, 36.79, 37.39, 35.85, 37.05, Low:, 35.50, Value:, 1550.00
Bought:, 4/12/2001 12:00:00 AM, 40.30, 42.80, 40.00, 42.80, Sold:, 4/16/2001 12:00:00 AM, 41.94, 42.43, 40.06, 40.25, Low:, 40.00, Value:, 1000.00
Bought:, 4/17/2001 12:00:00 AM, 39.95, 42.70, 39.90, 41.25, Sold:, 4/18/2001 12:00:00 AM, 43.72, 48.00, 43.20, 45.55, Low:, 39.90, Value:, 5650.00
Bought:, 4/20/2001 12:00:00 AM, 48.18, 49.44, 43.05, 48.40, Sold:, 4/23/2001 12:00:00 AM, 46.99, 47.72, 44.89, 45.15, Low:, 43.05, Value:, 2100.00
Bought:, 4/24/2001 12:00:00 AM, 45.10, 46.42, 43.75, 44.30, Sold:, 4/26/2001 12:00:00 AM, 45.90, 46.25, 43.87, 43.95, Low:, 43.10, Value:, 1000.00
Bought:, 5/3/2001 12:00:00 AM, 47.90, 47.90, 46.20, 46.80, Sold:, 5/7/2001 12:00:00 AM, 48.00, 48.60, 47.10, 47.20, Low:, 46.20, Value:, 1000.00
Bought:, 5/8/2001 12:00:00 AM, 48.30, 48.35, 46.99, 48.20, Sold:, 5/17/2001 12:00:00 AM, 47.45, 48.79, 47.26, 47.90, Low:, 44.06, Value:, 1000.00
Bought:, 5/18/2001 12:00:00 AM, 47.64, 48.38, 47.09, 48.04, Sold:, 5/21/2001 12:00:00 AM, 48.17, 51.15, 47.65, 51.05, Low:, 47.09, Value:, 3960.00
Bought:, 5/23/2001 12:00:00 AM, 50.44, 50.45, 48.64, 48.65, Sold:, 5/31/2001 12:00:00 AM, 44.54, 45.85, 44.30, 44.73, Low:, 44.08, Value:, -4100.00
Bought:, 6/8/2001 12:00:00 AM, 48.72, 48.77, 46.95, 47.35, Sold:, 6/18/2001 12:00:00 AM, 42.64, 43.17, 41.40, 42.03, Low:, 41.28, Value:, -4310.00
Bought:, 6/19/2001 12:00:00 AM, 43.32, 43.56, 41.26, 41.82, Sold:, 6/20/2001 12:00:00 AM, 41.30, 42.97, 41.28, 42.77, Low:, 41.26, Value:, 1510.00
Bought:, 6/26/2001 12:00:00 AM, 42.54, 43.89, 42.48, 43.51, Sold:, 6/27/2001 12:00:00 AM, 43.68, 44.15, 43.00, 43.79, Low:, 42.48, Value:, 1310.00
Bought:, 7/3/2001 12:00:00 AM, 45.25, 45.69, 44.80, 45.64, Sold:, 7/9/2001 12:00:00 AM, 41.89, 42.69, 41.50, 42.01, Low:, 41.49, Value:, -2910.00
Bought:, 7/10/2001 12:00:00 AM, 42.76, 42.88, 40.40, 40.50, Sold:, 7/12/2001 12:00:00 AM, 42.63, 43.83, 42.30, 43.60, Low:, 40.40, Value:, 3200.00
Bought:, 7/16/2001 12:00:00 AM, 43.37, 43.86, 41.90, 42.35, Sold:, 7/19/2001 12:00:00 AM, 42.46, 43.35, 41.75, 42.64, Low:, 41.14, Value:, 1000.00
Bought:, 7/20/2001 12:00:00 AM, 41.49, 42.14, 41.36, 41.65, Sold:, 7/31/2001 12:00:00 AM, 41.84, 42.78, 41.50, 41.76, Low:, 41.40, Value:, 1000.00
Bought:, 8/3/2001 12:00:00 AM, 43.53, 43.53, 42.56, 43.18, Sold:, 8/23/2001 12:00:00 AM, 37.67, 38.46, 37.30, 37.32, Low:, 36.54, Value:, -4890.00
Bought:, 8/28/2001 12:00:00 AM, 39.32, 39.44, 38.01, 38.12, Sold:, 9/20/2001 12:00:00 AM, 29.30, 30.09, 28.80, 28.97, Low:, 28.26, Value:, -8710.00
Bought:, 9/21/2001 12:00:00 AM, 27.41, 28.97, 27.20, 28.19, Sold:, 9/24/2001 12:00:00 AM, 29.08, 30.00, 28.59, 29.61, Low:, 27.20, Value:, 4820.00
Bought:, 9/26/2001 12:00:00 AM, 29.95, 30.00, 28.41, 28.67, Sold:, 9/28/2001 12:00:00 AM, 28.84, 29.92, 28.31, 28.98, Low:, 27.42, Value:, 2000.00
Bought:, 10/1/2001 12:00:00 AM, 28.85, 28.98, 27.85, 28.73, Sold:, 10/2/2001 12:00:00 AM, 28.65, 29.41, 28.40, 28.82, Low:, 27.85, Value:, 2000.00
Bought:, 10/3/2001 12:00:00 AM, 28.42, 31.61, 28.33, 31.00, Sold:, 10/4/2001 12:00:00 AM, 31.65, 33.20, 30.94, 31.30, Low:, 28.33, Value:, 5940.00
Bought:, 10/5/2001 12:00:00 AM, 31.00, 31.90, 30.26, 31.76, Sold:, 10/8/2001 12:00:00 AM, 31.13, 32.35, 30.96, 31.86, Low:, 30.26, Value:, 1600.00
Bought:, 10/9/2001 12:00:00 AM, 31.86, 32.02, 30.87, 31.09, Sold:, 10/11/2001 12:00:00 AM, 33.19, 35.25, 33.14, 34.70, Low:, 30.87, Value:, 3830.00
Bought:, 10/17/2001 12:00:00 AM, 35.87, 36.00, 32.30, 32.45, Sold:, 10/18/2001 12:00:00 AM, 32.70, 33.54, 32.40, 33.33, Low:, 32.30, Value:, 1030.00
Bought:, 10/19/2001 12:00:00 AM, 32.86, 33.75, 32.00, 33.55, Sold:, 10/22/2001 12:00:00 AM, 33.44, 34.50, 33.22, 34.45, Low:, 32.00, Value:, 2450.00
Bought:, 10/25/2001 12:00:00 AM, 34.70, 36.82, 34.23, 36.80, Sold:, 10/26/2001 12:00:00 AM, 36.50, 37.06, 36.01, 36.01, Low:, 34.23, Value:, 1780.00
Bought:, 10/29/2001 12:00:00 AM, 36.00, 36.15, 34.04, 34.04, Sold:, 11/1/2001 12:00:00 AM, 34.44, 35.56, 33.78, 35.34, Low:, 34.04, Value:, 1300.00
Bought:, 11/8/2001 12:00:00 AM, 38.55, 39.40, 37.25, 37.75, Sold:, 11/13/2001 12:00:00 AM, 39.03, 39.50, 38.63, 39.36, Low:, 37.25, Value:, 2110.00
Bought:, 11/16/2001 12:00:00 AM, 39.48, 39.68, 38.92, 39.37, Sold:, 11/19/2001 12:00:00 AM, 39.79, 40.49, 39.49, 40.49, Low:, 38.92, Value:, 1570.00
Bought:, 11/20/2001 12:00:00 AM, 40.08, 40.23, 38.48, 38.62, Sold:, 11/26/2001 12:00:00 AM, 39.58, 40.36, 39.01, 40.25, Low:, 38.48, Value:, 1770.00
Bought:, 11/28/2001 12:00:00 AM, 39.73, 40.37, 38.69, 38.75, Sold:, 11/29/2001 12:00:00 AM, 39.03, 40.00, 38.79, 39.95, Low:, 38.69, Value:, 1260.00
Bought:, 12/3/2001 12:00:00 AM, 39.29, 39.60, 38.87, 38.97, Sold:, 12/5/2001 12:00:00 AM, 41.20, 43.15, 41.12, 42.85, Low:, 38.87, Value:, 3980.00
Bought:, 12/7/2001 12:00:00 AM, 42.48, 42.60, 41.14, 41.73, Sold:, 12/11/2001 12:00:00 AM, 41.46, 42.26, 41.13, 41.23, Low:, 40.88, Value:, 1000.00
Bought:, 12/12/2001 12:00:00 AM, 41.50, 41.94, 40.60, 41.56, Sold:, 1/4/2002 12:00:00 AM, 41.95, 42.29, 40.93, 41.67, Low:, 40.60, Value:, 1070.00
Bought:, 1/7/2002 12:00:00 AM, 42.11, 42.22, 40.11, 41.21, Sold:, 1/8/2002 12:00:00 AM, 41.10, 41.77, 40.84, 41.49, Low:, 40.11, Value:, 1380.00
Bought:, 1/10/2002 12:00:00 AM, 41.17, 41.54, 40.68, 41.38, Sold:, 1/23/2002 12:00:00 AM, 37.65, 38.69, 37.35, 38.43, Low:, 37.33, Value:, -3030.00
Bought:, 1/25/2002 12:00:00 AM, 38.47, 39.15, 38.36, 38.83, Sold:, 1/28/2002 12:00:00 AM, 39.15, 39.39, 38.42, 39.05, Low:, 38.36, Value:, 1000.00
Bought:, 1/29/2002 12:00:00 AM, 39.13, 39.40, 37.51, 37.98, Sold:, 1/31/2002 12:00:00 AM, 38.57, 38.75, 38.02, 38.51, Low:, 37.51, Value:, 1000.00
Bought:, 2/1/2002 12:00:00 AM, 38.40, 38.88, 37.70, 38.14, Sold:, 2/25/2002 12:00:00 AM, 34.00, 35.25, 33.95, 35.01, Low:, 33.09, Value:, -3700.00
Bought:, 2/27/2002 12:00:00 AM, 35.39, 35.51, 34.06, 34.40, Sold:, 3/1/2002 12:00:00 AM, 34.15, 35.75, 34.09, 35.74, Low:, 34.06, Value:, 1680.00
Bought:, 3/6/2002 12:00:00 AM, 37.08, 37.95, 36.60, 37.60, Sold:, 3/7/2002 12:00:00 AM, 38.12, 38.33, 37.01, 37.68, Low:, 36.60, Value:, 1080.00
Bought:, 3/11/2002 12:00:00 AM, 38.35, 39.19, 38.06, 38.53, Sold:, 3/27/2002 12:00:00 AM, 35.63, 36.00, 35.40, 35.61, Low:, 35.40, Value:, -2430.00
Bought:, 4/1/2002 12:00:00 AM, 35.80, 36.90, 35.30, 36.75, Sold:, 4/12/2002 12:00:00 AM, 33.32, 33.80, 32.95, 33.52, Low:, 32.88, Value:, -2824.0000
Bought:, 4/18/2002 12:00:00 AM, 34.78, 35.15, 34.00, 34.35, Sold:, 4/19/2002 12:00:00 AM, 35.05, 35.06, 34.38, 34.46, Low:, 34.00, Value:, 1000.00
Bought:, 4/22/2002 12:00:00 AM, 34.01, 34.01, 33.25, 33.59, Sold:, 4/30/2002 12:00:00 AM, 31.03, 32.19, 30.94, 31.73, Low:, 30.56, Value:, -2220.00
Bought:, 5/1/2002 12:00:00 AM, 31.67, 31.84, 30.58, 31.56, Sold:, 5/8/2002 12:00:00 AM, 30.13, 31.88, 30.00, 31.77, Low:, 30.58, Value:, 1190.00
Bought:, 5/10/2002 12:00:00 AM, 31.01, 31.09, 29.50, 29.56, Sold:, 5/13/2002 12:00:00 AM, 29.87, 30.98, 29.67, 30.76, Low:, 29.50, Value:, 2520.00
Bought:, 5/15/2002 12:00:00 AM, 32.08, 33.63, 31.85, 32.81, Sold:, 5/16/2002 12:00:00 AM, 32.54, 33.05, 32.22, 32.86, Low:, 31.85, Value:, 1010.00
Bought:, 5/20/2002 12:00:00 AM, 32.60, 32.70, 31.94, 32.21, Sold:, 5/31/2002 12:00:00 AM, 30.76, 31.04, 30.00, 30.04, Low:, 29.90, Value:, -2555.2000
Bought:, 6/3/2002 12:00:00 AM, 30.00, 30.25, 28.79, 28.98, Sold:, 6/5/2002 12:00:00 AM, 29.42, 29.80, 28.97, 29.66, Low:, 28.61, Value:, 2000.00
Bought:, 6/6/2002 12:00:00 AM, 29.51, 29.51, 27.90, 28.88, Sold:, 6/18/2002 12:00:00 AM, 28.31, 29.15, 28.28, 29.02, Low:, 27.90, Value:, 2240.00
Bought:, 6/19/2002 12:00:00 AM, 28.10, 28.32, 27.25, 27.34, Sold:, 6/25/2002 12:00:00 AM, 26.58, 26.72, 25.30, 25.46, Low:, 25.21, Value:, -4360.0000
Bought:, 6/26/2002 12:00:00 AM, 24.43, 25.78, 24.39, 25.65, Sold:, 6/27/2002 12:00:00 AM, 26.00, 26.25, 25.02, 26.21, Low:, 24.39, Value:, 3640.00
Bought:, 7/1/2002 12:00:00 AM, 25.97, 26.14, 24.78, 24.85, Sold:, 7/5/2002 12:00:00 AM, 25.26, 26.39, 25.05, 26.34, Low:, 24.78, Value:, 3120.00
Bought:, 7/9/2002 12:00:00 AM, 25.25, 25.48, 24.59, 24.66, Sold:, 7/16/2002 12:00:00 AM, 25.25, 26.02, 24.90, 25.19, Low:, 23.75, Value:, 2000.00
Bought:, 7/17/2002 12:00:00 AM, 26.07, 26.44, 24.89, 25.65, Sold:, 7/25/2002 12:00:00 AM, 23.25, 23.40, 21.80, 22.25, Low:, 21.64, Value:, -3280.00
Bought:, 7/31/2002 12:00:00 AM, 24.00, 24.19, 23.36, 23.85, Sold:, 8/6/2002 12:00:00 AM, 21.80, 23.01, 21.79, 22.50, Low:, 21.30, Value:, -3120.00
Bought:, 8/13/2002 12:00:00 AM, 23.23, 23.87, 22.55, 22.60, Sold:, 8/15/2002 12:00:00 AM, 24.24, 24.55, 23.72, 24.53, Low:, 22.55, Value:, 3960.00
Bought:, 8/23/2002 12:00:00 AM, 25.80, 25.81, 24.95, 25.15, Sold:, 8/30/2002 12:00:00 AM, 23.62, 24.00, 23.38, 23.49, Low:, 23.02, Value:, -3992.0000
Bought:, 9/3/2002 12:00:00 AM, 23.06, 23.43, 22.34, 22.64, Sold:, 9/10/2002 12:00:00 AM, 23.23, 23.67, 23.03, 23.65, Low:, 22.34, Value:, 2620.00
Bought:, 9/12/2002 12:00:00 AM, 23.23, 23.26, 22.71, 22.81, Sold:, 9/25/2002 12:00:00 AM, 21.35, 22.04, 21.10, 21.87, Low:, 20.65, Value:, -3633.6000
Bought:, 9/27/2002 12:00:00 AM, 21.55, 22.21, 21.31, 21.31, Sold:, 10/9/2002 12:00:00 AM, 19.94, 20.53, 19.84, 20.06, Low:, 19.76, Value:, -2740.00
Bought:, 10/16/2002 12:00:00 AM, 22.71, 23.16, 22.07, 22.78, Sold:, 10/17/2002 12:00:00 AM, 23.60, 23.81, 22.58, 23.55, Low:, 22.07, Value:, 2960.00
Bought:, 10/29/2002 12:00:00 AM, 24.31, 24.47, 23.37, 23.92, Sold:, 10/30/2002 12:00:00 AM, 24.06, 24.79, 23.85, 24.56, Low:, 23.37, Value:, 2380.00
Bought:, 11/1/2002 12:00:00 AM, 24.37, 25.40, 24.14, 25.25, Sold:, 11/4/2002 12:00:00 AM, 26.05, 26.82, 25.80, 25.90, Low:, 24.14, Value:, 3520.00
Bought:, 11/5/2002 12:00:00 AM, 25.71, 26.17, 25.56, 26.10, Sold:, 11/6/2002 12:00:00 AM, 26.29, 26.61, 25.64, 26.47, Low:, 25.56, Value:, 2000.00
Bought:, 11/7/2002 12:00:00 AM, 25.99, 26.10, 25.31, 25.54, Sold:, 11/14/2002 12:00:00 AM, 25.58, 26.42, 25.52, 26.10, Low:, 24.49, Value:, 2000.00
Bought:, 11/19/2002 12:00:00 AM, 25.80, 26.05, 25.30, 25.65, Sold:, 11/20/2002 12:00:00 AM, 25.56, 26.75, 25.54, 26.74, Low:, 25.30, Value:, 2880.00
Bought:, 11/26/2002 12:00:00 AM, 27.78, 27.87, 26.90, 27.05, Sold:, 11/27/2002 12:00:00 AM, 27.53, 28.20, 27.48, 27.91, Low:, 26.90, Value:, 2020.00
Bought:, 11/29/2002 12:00:00 AM, 28.21, 28.29, 27.22, 27.72, Sold:, 12/2/2002 12:00:00 AM, 28.42, 28.79, 27.57, 28.00, Low:, 27.22, Value:, 2000.00
Bought:, 12/3/2002 12:00:00 AM, 27.55, 27.58, 26.93, 27.17, Sold:, 12/16/2002 12:00:00 AM, 25.22, 25.96, 25.07, 25.85, Low:, 25.01, Value:, -3420.00
Bought:, 12/18/2002 12:00:00 AM, 25.55, 25.60, 25.05, 25.38, Sold:, 1/7/2003 12:00:00 AM, 26.41, 26.93, 26.25, 26.65, Low:, 25.05, Value:, 3200.00
Bought:, 1/8/2003 12:00:00 AM, 26.39, 26.97, 25.84, 25.90, Sold:, 1/9/2003 12:00:00 AM, 26.24, 26.98, 26.22, 26.70, Low:, 25.84, Value:, 2000.00
Bought:, 1/15/2003 12:00:00 AM, 27.24, 27.35, 26.58, 26.74, Sold:, 1/28/2003 12:00:00 AM, 24.77, 25.05, 24.42, 24.78, Low:, 24.37, Value:, -3620.00
Bought:, 1/29/2003 12:00:00 AM, 24.76, 25.45, 24.34, 25.15, Sold:, 1/30/2003 12:00:00 AM, 25.32, 25.42, 24.49, 24.50, Low:, 24.34, Value:, 2000.00
Bought:, 1/31/2003 12:00:00 AM, 24.06, 24.76, 24.01, 24.44, Sold:, 2/18/2003 12:00:00 AM, 24.70, 25.34, 24.68, 25.25, Low:, 24.01, Value:, 2480.00
Bought:, 2/21/2003 12:00:00 AM, 24.93, 25.37, 24.51, 25.17, Sold:, 3/13/2003 12:00:00 AM, 24.64, 25.65, 24.40, 25.62, Low:, 24.51, Value:, 2220.00
Bought:, 3/17/2003 12:00:00 AM, 25.43, 26.80, 25.35, 26.60, Sold:, 3/18/2003 12:00:00 AM, 26.80, 26.97, 26.42, 26.93, Low:, 25.35, Value:, 3160.00
Bought:, 3/19/2003 12:00:00 AM, 26.85, 26.95, 26.33, 26.70, Sold:, 3/21/2003 12:00:00 AM, 27.21, 27.38, 26.20, 27.17, Low:, 26.17, Value:, 2000.00
Bought:, 3/24/2003 12:00:00 AM, 26.47, 26.60, 25.97, 26.04, Sold:, 4/7/2003 12:00:00 AM, 27.11, 27.20, 26.07, 26.09, Low:, 25.97, Value:, 2000.00
Bought:, 4/8/2003 12:00:00 AM, 26.15, 26.29, 25.88, 26.06, Sold:, 4/17/2003 12:00:00 AM, 26.16, 26.98, 26.15, 26.82, Low:, 26.12, Value:, 2000.00
Bought:, 4/25/2003 12:00:00 AM, 27.32, 27.42, 26.86, 26.95, Sold:, 4/29/2003 12:00:00 AM, 27.64, 28.06, 27.41, 27.73, Low:, 26.95, Value:, 2000.00
Bought:, 5/1/2003 12:00:00 AM, 27.44, 27.87, 27.19, 27.69, Sold:, 5/2/2003 12:00:00 AM, 27.61, 28.29, 27.57, 28.28, Low:, 27.19, Value:, 2180.00
Bought:, 5/7/2003 12:00:00 AM, 28.41, 28.69, 28.12, 28.29, Sold:, 5/28/2003 12:00:00 AM, 29.16, 29.40, 28.96, 29.19, Low:, 28.12, Value:, 2140.00
Bought:, 6/2/2003 12:00:00 AM, 30.08, 30.20, 29.31, 29.58, Sold:, 6/4/2003 12:00:00 AM, 29.81, 30.58, 29.72, 30.42, Low:, 29.31, Value:, 2220.00
Bought:, 6/9/2003 12:00:00 AM, 30.00, 30.22, 29.53, 29.73, Sold:, 6/11/2003 12:00:00 AM, 30.07, 30.64, 29.80, 30.52, Low:, 29.68, Value:, 2000.00
Bought:, 6/13/2003 12:00:00 AM, 30.66, 30.73, 29.86, 29.96, Sold:, 6/16/2003 12:00:00 AM, 30.17, 30.90, 30.00, 30.88, Low:, 29.86, Value:, 2040.00
Bought:, 6/18/2003 12:00:00 AM, 30.66, 31.23, 30.45, 30.92, Sold:, 7/7/2003 12:00:00 AM, 30.97, 31.90, 30.96, 31.89, Low:, 30.45, Value:, 1440.00
Bought:, 7/10/2003 12:00:00 AM, 31.85, 31.99, 31.33, 31.60, Sold:, 7/14/2003 12:00:00 AM, 32.34, 32.75, 32.07, 32.22, Low:, 31.61, Value:, 1000.00
Bought:, 7/15/2003 12:00:00 AM, 32.53, 32.65, 31.94, 32.26, Sold:, 8/22/2003 12:00:00 AM, 33.26, 33.37, 32.38, 32.44, Low:, 32.27, Value:, 1000.00
Bought:, 8/25/2003 12:00:00 AM, 32.36, 32.54, 32.21, 32.51, Sold:, 8/29/2003 12:00:00 AM, 33.04, 33.46, 32.98, 33.39, Low:, 32.21, Value:, 1180.00
Bought:, 9/5/2003 12:00:00 AM, 33.97, 34.34, 33.67, 33.94, Sold:, 9/19/2003 12:00:00 AM, 34.79, 34.86, 34.36, 34.58, Low:, 34.00, Value:, 1000.00
Bought:, 9/22/2003 12:00:00 AM, 34.13, 34.20, 33.77, 33.92, Sold:, 10/8/2003 12:00:00 AM, 34.81, 34.84, 34.22, 34.43, Low:, 34.01, Value:, 1000.00
Bought:, 10/17/2003 12:00:00 AM, 35.41, 35.49, 34.60, 34.61, Sold:, 10/30/2003 12:00:00 AM, 35.81, 36.00, 35.14, 35.39, Low:, 35.07, Value:, 1000.00
Bought:, 10/31/2003 12:00:00 AM, 35.44, 35.49, 35.06, 35.18, Sold:, 11/7/2003 12:00:00 AM, 36.08, 36.18, 35.60, 35.63, Low:, 35.34, Value:, 1000.00
Bought:, 11/10/2003 12:00:00 AM, 35.70, 35.74, 35.09, 35.19, Sold:, 12/26/2003 12:00:00 AM, 35.96, 36.09, 35.82, 35.85, Low:, 35.80, Value:, 1000.00
Bought:, 12/31/2003 12:00:00 AM, 36.62, 36.64, 36.25, 36.46, Sold:, 1/6/2004 12:00:00 AM, 37.08, 37.42, 36.95, 37.34, Low:, 36.25, Value:, 1090.00
Bought:, 1/9/2004 12:00:00 AM, 37.71, 38.35, 37.59, 37.73, Sold:, 1/16/2004 12:00:00 AM, 38.38, 38.63, 38.17, 38.57, Low:, 37.63, Value:, 1000.00
Bought:, 1/21/2004 12:00:00 AM, 38.39, 38.66, 38.00, 38.38, Sold:, 3/12/2004 12:00:00 AM, 35.18, 35.59, 35.15, 35.51, Low:, 34.80, Value:, -2820.00
Bought:, 3/15/2004 12:00:00 AM, 35.36, 35.40, 34.81, 34.89, Sold:, 3/29/2004 12:00:00 AM, 35.51, 35.96, 35.49, 35.79, Low:, 35.20, Value:, 1000.00
Bought:, 4/6/2004 12:00:00 AM, 37.16, 37.25, 36.92, 36.98, Sold:, 5/18/2004 12:00:00 AM, 34.66, 34.90, 34.60, 34.73, Low:, 34.11, Value:, -2260.00
Bought:, 5/20/2004 12:00:00 AM, 34.78, 35.02, 34.56, 34.85, Sold:, 5/26/2004 12:00:00 AM, 35.86, 36.19, 35.81, 36.19, Low:, 34.56, Value:, 1630.00
Bought:, 6/1/2004 12:00:00 AM, 36.27, 36.55, 36.11, 36.50, Sold:, 6/8/2004 12:00:00 AM, 36.90, 37.19, 36.85, 37.10, Low:, 36.34, Value:, 1000.00
Bought:, 6/9/2004 12:00:00 AM, 36.98, 37.05, 36.50, 36.58, Sold:, 6/29/2004 12:00:00 AM, 37.10, 37.59, 37.08, 37.37, Low:, 36.90, Value:, 1000.00
Bought:, 7/1/2004 12:00:00 AM, 37.66, 37.66, 36.77, 37.04, Sold:, 7/27/2004 12:00:00 AM, 34.19, 34.71, 34.04, 34.53, Low:, 33.70, Value:, -2580.00
Bought:, 7/28/2004 12:00:00 AM, 34.41, 34.63, 33.81, 34.38, Sold:, 7/29/2004 12:00:00 AM, 34.71, 34.92, 34.50, 34.78, Low:, 33.81, Value:, 1000.00
Bought:, 8/2/2004 12:00:00 AM, 34.61, 35.02, 34.46, 34.96, Sold:, 9/13/2004 12:00:00 AM, 35.25, 35.72, 35.14, 35.58, Low:, 34.46, Value:, 1120.00
Bought:, 9/15/2004 12:00:00 AM, 35.42, 35.45, 35.12, 35.25, Sold:, 10/1/2004 12:00:00 AM, 35.45, 36.15, 35.36, 36.10, Low:, 34.89, Value:, 1000.00
Bought:, 10/5/2004 12:00:00 AM, 36.23, 36.49, 36.16, 36.36, Sold:, 10/29/2004 12:00:00 AM, 36.91, 37.24, 36.67, 36.90, Low:, 36.57, Value:, 1000.00
Bought:, 11/4/2004 12:00:00 AM, 37.26, 37.78, 37.11, 37.62, Sold:, 11/5/2004 12:00:00 AM, 38.02, 38.16, 37.61, 37.96, Low:, 37.11, Value:, 1000.00
Bought:, 11/9/2004 12:00:00 AM, 37.93, 38.15, 37.81, 37.92, Sold:, 11/15/2004 12:00:00 AM, 38.64, 38.86, 38.50, 38.83, Low:, 37.81, Value:, 1020.00
Bought:, 11/16/2004 12:00:00 AM, 38.66, 38.68, 38.32, 38.59, Sold:, 11/17/2004 12:00:00 AM, 38.83, 39.32, 38.83, 39.11, Low:, 38.32, Value:, 1000.00
Bought:, 11/19/2004 12:00:00 AM, 39.24, 39.29, 38.59, 38.68, Sold:, 12/1/2004 12:00:00 AM, 39.27, 39.96, 39.27, 39.92, Low:, 38.59, Value:, 1330.00
Bought:, 12/6/2004 12:00:00 AM, 40.12, 40.43, 39.91, 40.27, Sold:, 1/25/2005 12:00:00 AM, 36.77, 37.09, 36.66, 36.71, Low:, 36.46, Value:, -3140.00
Bought:, 1/28/2005 12:00:00 AM, 37.22, 37.27, 36.62, 36.92, Sold:, 2/1/2005 12:00:00 AM, 37.49, 37.65, 37.37, 37.52, Low:, 37.26, Value:, 1000.00
Bought:, 2/2/2005 12:00:00 AM, 37.64, 37.73, 37.31, 37.58, Sold:, 2/15/2005 12:00:00 AM, 37.90, 38.48, 37.82, 38.12, Low:, 37.69, Value:, 1000.00
Bought:, 2/17/2005 12:00:00 AM, 38.05, 38.14, 37.43, 37.47, Sold:, 4/19/2005 12:00:00 AM, 35.02, 35.10, 34.75, 34.99, Low:, 34.64, Value:, -2410.00
Bought:, 4/20/2005 12:00:00 AM, 35.21, 35.29, 34.59, 34.70, Sold:, 4/21/2005 12:00:00 AM, 35.12, 35.71, 34.96, 35.62, Low:, 34.59, Value:, 1030.00
Bought:, 4/22/2005 12:00:00 AM, 35.46, 35.47, 34.82, 35.09, Sold:, 5/4/2005 12:00:00 AM, 35.29, 35.83, 35.24, 35.73, Low:, 35.03, Value:, 1000.00
Bought:, 5/9/2005 12:00:00 AM, 35.87, 36.06, 35.66, 36.03, Sold:, 5/17/2005 12:00:00 AM, 36.35, 36.74, 36.21, 36.70, Low:, 35.66, Value:, 1040.00
Bought:, 5/25/2005 12:00:00 AM, 37.84, 37.88, 37.59, 37.81, Sold:, 6/1/2005 12:00:00 AM, 38.03, 38.68, 38.02, 38.39, Low:, 37.92, Value:, 1000.00
Bought:, 6/3/2005 12:00:00 AM, 38.63, 38.64, 38.02, 38.10, Sold:, 7/19/2005 12:00:00 AM, 38.91, 39.20, 38.84, 39.18, Low:, 38.02, Value:, 1160.00
Bought:, 7/25/2005 12:00:00 AM, 39.46, 39.63, 39.20, 39.27, Sold:, 11/4/2005 12:00:00 AM, 40.00, 40.23, 39.84, 40.08, Low:, 39.68, Value:, 1000.00
Bought:, 11/10/2005 12:00:00 AM, 40.18, 40.69, 39.92, 40.60, Sold:, 11/11/2005 12:00:00 AM, 40.77, 40.92, 40.68, 40.71, Low:, 39.92, Value:, 1000.00
Bought:, 11/14/2005 12:00:00 AM, 40.77, 40.86, 40.60, 40.71, Sold:, 11/18/2005 12:00:00 AM, 41.52, 41.65, 41.27, 41.45, Low:, 40.85, Value:, 1000.00
Bought:, 11/21/2005 12:00:00 AM, 41.40, 41.58, 41.24, 41.55, Sold:, 12/6/2005 12:00:00 AM, 42.03, 42.31, 41.90, 41.94, Low:, 41.63, Value:, 1000.00
Bought:, 12/7/2005 12:00:00 AM, 42.00, 42.03, 41.63, 41.86, Sold:, 1/6/2006 12:00:00 AM, 42.26, 42.70, 42.06, 42.68, Low:, 41.63, Value:, 1050.00
Bought:, 1/12/2006 12:00:00 AM, 43.16, 43.29, 42.85, 43.00, Sold:, 5/25/2006 12:00:00 AM, 39.11, 39.38, 38.82, 39.36, Low:, 38.23, Value:, -3740.00
Bought:, 5/30/2006 12:00:00 AM, 39.30, 39.33, 38.61, 38.64, Sold:, 6/1/2006 12:00:00 AM, 38.93, 39.74, 38.84, 39.74, Low:, 38.61, Value:, 1130.00
Bought:, 6/5/2006 12:00:00 AM, 39.56, 39.56, 38.78, 38.78, Sold:, 7/17/2006 12:00:00 AM, 35.95, 36.25, 35.87, 36.03, Low:, 35.79, Value:, -2830.00
Bought:, 7/18/2006 12:00:00 AM, 36.22, 36.33, 35.54, 36.15, Sold:, 7/19/2006 12:00:00 AM, 36.12, 36.83, 36.09, 36.62, Low:, 35.54, Value:, 1080.00
Bought:, 7/20/2006 12:00:00 AM, 36.75, 36.80, 36.04, 36.08, Sold:, 7/27/2006 12:00:00 AM, 36.74, 37.04, 36.25, 36.35, Low:, 36.23, Value:, 1000.00
Bought:, 8/1/2006 12:00:00 AM, 36.77, 36.80, 36.26, 36.48, Sold:, 8/4/2006 12:00:00 AM, 37.45, 37.63, 36.62, 36.95, Low:, 36.48, Value:, 1000.00
Bought:, 8/7/2006 12:00:00 AM, 36.91, 36.94, 36.53, 36.71, Sold:, 8/15/2006 12:00:00 AM, 37.20, 37.75, 37.09, 37.70, Low:, 36.53, Value:, 1170.00
Bought:, 8/18/2006 12:00:00 AM, 38.63, 38.83, 38.28, 38.79, Sold:, 9/12/2006 12:00:00 AM, 38.95, 39.80, 38.95, 39.68, Low:, 38.28, Value:, 1400.00
Bought:, 9/18/2006 12:00:00 AM, 40.12, 40.40, 39.94, 40.12, Sold:, 9/27/2006 12:00:00 AM, 40.67, 40.95, 40.50, 40.72, Low:, 40.40, Value:, 1000.00
Bought:, 9/28/2006 12:00:00 AM, 40.77, 40.89, 40.43, 40.83, Sold:, 10/5/2006 12:00:00 AM, 41.30, 41.56, 41.18, 41.50, Low:, 40.43, Value:, 1070.00
Bought:, 10/10/2006 12:00:00 AM, 41.60, 41.75, 41.31, 41.62, Sold:, 10/13/2006 12:00:00 AM, 42.23, 42.52, 42.14, 42.43, Low:, 41.31, Value:, 1120.00
Bought:, 10/17/2006 12:00:00 AM, 42.17, 42.20, 41.76, 42.00, Sold:, 10/26/2006 12:00:00 AM, 42.58, 42.92, 42.22, 42.82, Low:, 41.76, Value:, 1060.00
Bought:, 10/27/2006 12:00:00 AM, 42.72, 42.82, 42.08, 42.21, Sold:, 11/7/2006 12:00:00 AM, 42.54, 43.09, 42.47, 42.83, Low:, 42.06, Value:, 1000.00
Bought:, 11/17/2006 12:00:00 AM, 44.06, 44.30, 43.95, 44.30, Sold:, 1/11/2007 12:00:00 AM, 44.71, 45.24, 44.65, 45.08, Low:, 43.95, Value:, 1130.00
Bought:, 1/17/2007 12:00:00 AM, 45.09, 45.29, 44.83, 44.91, Sold:, 4/25/2007 12:00:00 AM, 45.85, 46.32, 45.70, 46.31, Low:, 44.83, Value:, 1480.00
Bought:, 4/27/2007 12:00:00 AM, 46.37, 46.70, 46.29, 46.57, Sold:, 5/31/2007 12:00:00 AM, 47.32, 47.52, 47.21, 47.41, Low:, 46.29, Value:, 1120.00
Bought:, 6/4/2007 12:00:00 AM, 47.27, 47.64, 47.24, 47.58, Sold:, 7/3/2007 12:00:00 AM, 48.09, 48.32, 48.04, 48.31, Low:, 47.24, Value:, 1070.00
Bought:, 7/10/2007 12:00:00 AM, 48.62, 48.90, 48.43, 48.48, Sold:, 7/12/2007 12:00:00 AM, 48.97, 49.67, 48.92, 49.56, Low:, 48.43, Value:, 1130.00
Bought:, 7/18/2007 12:00:00 AM, 49.95, 50.17, 49.64, 50.17, Sold:, 7/19/2007 12:00:00 AM, 50.41, 50.66, 50.31, 50.32, Low:, 49.64, Value:, 1000.00
Bought:, 7/20/2007 12:00:00 AM, 50.29, 50.36, 49.74, 50.05, Sold:, 8/17/2007 12:00:00 AM, 46.31, 46.59, 45.59, 46.31, Low:, 44.39, Value:, -3430.00
Bought:, 8/23/2007 12:00:00 AM, 47.79, 47.85, 47.23, 47.53, Sold:, 8/24/2007 12:00:00 AM, 47.38, 48.23, 47.32, 48.20, Low:, 47.23, Value:, 1000.00
Bought:, 8/28/2007 12:00:00 AM, 47.60, 47.70, 46.71, 46.74, Sold:, 8/29/2007 12:00:00 AM, 47.05, 48.12, 47.05, 48.08, Low:, 46.71, Value:, 1370.00
Bought:, 9/5/2007 12:00:00 AM, 49.56, 49.65, 48.87, 49.18, Sold:, 9/18/2007 12:00:00 AM, 49.09, 50.08, 48.83, 50.04, Low:, 48.87, Value:, 1170.00
Bought:, 9/20/2007 12:00:00 AM, 50.06, 50.26, 49.92, 50.03, Sold:, 9/24/2007 12:00:00 AM, 50.49, 50.96, 50.33, 50.59, Low:, 50.01, Value:, 1000.00
Bought:, 9/28/2007 12:00:00 AM, 51.54, 51.68, 51.18, 51.41, Sold:, 10/5/2007 12:00:00 AM, 52.17, 52.90, 52.06, 52.82, Low:, 51.18, Value:, 1640.00
Bought:, 10/11/2007 12:00:00 AM, 53.79, 53.94, 52.28, 52.66, Sold:, 10/12/2007 12:00:00 AM, 52.90, 53.54, 52.80, 53.53, Low:, 52.28, Value:, 1250.00
Bought:, 10/15/2007 12:00:00 AM, 53.61, 53.71, 52.70, 53.12, Sold:, 10/18/2007 12:00:00 AM, 53.33, 53.89, 53.12, 53.78, Low:, 52.70, Value:, 1080.00
Bought:, 10/19/2007 12:00:00 AM, 53.77, 53.77, 52.39, 52.44, Sold:, 10/23/2007 12:00:00 AM, 53.61, 54.21, 53.34, 54.18, Low:, 52.39, Value:, 1790.00
Bought:, 10/24/2007 12:00:00 AM, 53.74, 53.94, 52.60, 53.77, Sold:, 10/25/2007 12:00:00 AM, 53.89, 53.98, 52.75, 53.05, Low:, 52.60, Value:, 1000.00
Bought:, 11/1/2007 12:00:00 AM, 54.68, 54.77, 53.97, 54.00, Sold:, 11/13/2007 12:00:00 AM, 49.39, 50.79, 49.35, 50.74, Low:, 48.65, Value:, -4580.00
Bought:, 11/15/2007 12:00:00 AM, 50.00, 50.54, 49.37, 49.82, Sold:, 11/19/2007 12:00:00 AM, 50.16, 50.45, 49.41, 49.70, Low:, 49.34, Value:, 1000.00
Bought:, 11/20/2007 12:00:00 AM, 49.96, 50.78, 48.93, 49.90, Sold:, 11/23/2007 12:00:00 AM, 49.63, 49.97, 49.37, 49.84, Low:, 48.85, Value:, 1000.00
Bought:, 11/26/2007 12:00:00 AM, 49.97, 50.37, 48.90, 48.98, Sold:, 11/27/2007 12:00:00 AM, 49.40, 50.05, 49.10, 49.96, Low:, 48.90, Value:, 1060.00
Bought:, 11/30/2007 12:00:00 AM, 52.21, 52.25, 50.95, 51.31, Sold:, 12/5/2007 12:00:00 AM, 51.20, 52.00, 51.16, 51.58, Low:, 50.38, Value:, 1000.00
Bought:, 12/11/2007 12:00:00 AM, 52.62, 52.84, 51.21, 51.32, Sold:, 12/24/2007 12:00:00 AM, 52.01, 52.40, 51.95, 52.24, Low:, 51.21, Value:, 1030.00
Bought:, 12/27/2007 12:00:00 AM, 52.33, 52.50, 51.71, 51.87, Sold:, 1/10/2008 12:00:00 AM, 47.43, 48.41, 47.29, 47.99, Low:, 46.46, Value:, -4280.00
Bought:, 1/11/2008 12:00:00 AM, 47.73, 47.77, 46.70, 47.05, Sold:, 1/14/2008 12:00:00 AM, 47.69, 48.01, 47.31, 47.87, Low:, 46.70, Value:, 1170.00
Bought:, 1/15/2008 12:00:00 AM, 47.37, 47.52, 46.35, 46.55, Sold:, 2/8/2008 12:00:00 AM, 43.20, 43.77, 42.94, 43.60, Low:, 42.15, Value:, -3150.00
Bought:, 2/12/2008 12:00:00 AM, 44.34, 44.68, 43.51, 43.82, Sold:, 2/13/2008 12:00:00 AM, 44.39, 44.88, 44.16, 44.78, Low:, 43.51, Value:, 1270.00
Bought:, 2/14/2008 12:00:00 AM, 44.85, 44.85, 43.89, 43.97, Sold:, 3/25/2008 12:00:00 AM, 44.70, 45.07, 44.28, 44.83, Low:, 43.28, Value:, 1000.00
Bought:, 3/27/2008 12:00:00 AM, 44.44, 44.51, 43.71, 43.71, Sold:, 4/1/2008 12:00:00 AM, 44.42, 45.61, 44.41, 45.59, Low:, 43.71, Value:, 1880.00
Bought:, 4/3/2008 12:00:00 AM, 45.29, 45.91, 45.14, 45.59, Sold:, 4/4/2008 12:00:00 AM, 45.77, 46.35, 45.40, 45.86, Low:, 45.14, Value:, 1000.00
Bought:, 4/8/2008 12:00:00 AM, 45.41, 45.72, 45.18, 45.41, Sold:, 4/18/2008 12:00:00 AM, 46.47, 46.93, 46.22, 46.71, Low:, 45.18, Value:, 1530.00
Bought:, 4/22/2008 12:00:00 AM, 46.75, 46.77, 45.93, 46.34, Sold:, 4/23/2008 12:00:00 AM, 46.68, 47.06, 46.27, 46.85, Low:, 45.93, Value:, 1000.00
Bought:, 4/29/2008 12:00:00 AM, 47.15, 47.76, 47.06, 47.60, Sold:, 5/1/2008 12:00:00 AM, 47.23, 48.72, 47.22, 48.70, Low:, 47.06, Value:, 1640.00
Bought:, 5/6/2008 12:00:00 AM, 48.49, 49.13, 48.14, 48.93, Sold:, 5/12/2008 12:00:00 AM, 48.28, 49.19, 48.20, 49.09, Low:, 47.90, Value:, 1000.00
Bought:, 5/15/2008 12:00:00 AM, 49.12, 50.02, 48.98, 49.97, Sold:, 5/16/2008 12:00:00 AM, 50.07, 50.11, 49.45, 50.01, Low:, 48.98, Value:, 1030.00
Bought:, 5/19/2008 12:00:00 AM, 50.05, 50.47, 49.34, 49.65, Sold:, 6/5/2008 12:00:00 AM, 49.89, 50.61, 49.70, 50.55, Low:, 49.34, Value:, 1210.00
Bought:, 6/6/2008 12:00:00 AM, 50.11, 50.21, 49.02, 49.03, Sold:, 6/30/2008 12:00:00 AM, 45.51, 45.83, 45.15, 45.17, Low:, 44.97, Value:, -3510.00
Bought:, 7/1/2008 12:00:00 AM, 44.81, 45.86, 44.68, 45.81, Sold:, 7/8/2008 12:00:00 AM, 44.95, 46.01, 44.77, 45.97, Low:, 44.68, Value:, 1290.00
Bought:, 7/9/2008 12:00:00 AM, 45.96, 46.03, 44.73, 44.75, Sold:, 7/17/2008 12:00:00 AM, 45.61, 45.82, 44.98, 45.64, Low:, 43.92, Value:, 1000.00
Bought:, 7/18/2008 12:00:00 AM, 45.14, 45.17, 44.59, 44.59, Sold:, 7/23/2008 12:00:00 AM, 44.85, 45.89, 44.72, 45.37, Low:, 43.86, Value:, 1000.00
Bought:, 7/24/2008 12:00:00 AM, 45.58, 45.61, 44.65, 44.69, Sold:, 7/30/2008 12:00:00 AM, 45.47, 45.82, 44.88, 45.57, Low:, 44.57, Value:, 1000.00
Bought:, 8/1/2008 12:00:00 AM, 45.51, 45.55, 44.40, 44.88, Sold:, 8/5/2008 12:00:00 AM, 44.89, 45.97, 44.84, 45.93, Low:, 44.40, Value:, 1530.00
Bought:, 8/13/2008 12:00:00 AM, 47.72, 48.12, 47.25, 47.70, Sold:, 8/14/2008 12:00:00 AM, 47.54, 48.46, 47.49, 48.25, Low:, 47.25, Value:, 1000.00
Bought:, 8/18/2008 12:00:00 AM, 48.30, 48.31, 47.26, 47.60, Sold:, 9/10/2008 12:00:00 AM, 42.86, 43.18, 42.45, 42.80, Low:, 42.35, Value:, -4400.00
Bought:, 9/11/2008 12:00:00 AM, 42.20, 43.69, 42.17, 43.60, Sold:, 9/12/2008 12:00:00 AM, 43.23, 43.71, 42.90, 43.43, Low:, 42.17, Value:, 1260.00
Bought:, 9/15/2008 12:00:00 AM, 42.40, 43.29, 42.03, 42.08, Sold:, 9/19/2008 12:00:00 AM, 43.77, 43.83, 42.10, 42.90, Low:, 39.50, Value:, 1000.00
Bought:, 9/22/2008 12:00:00 AM, 42.74, 42.84, 40.80, 40.88, Sold:, 9/25/2008 12:00:00 AM, 41.23, 42.02, 41.03, 41.50, Low:, 40.52, Value:, 1000.00
Bought:, 9/26/2008 12:00:00 AM, 40.31, 41.49, 40.22, 41.08, Sold:, 9/30/2008 12:00:00 AM, 37.72, 39.30, 37.60, 38.91, Low:, 37.18, Value:, -2500.00
Bought:, 10/2/2008 12:00:00 AM, 38.25, 38.25, 36.64, 36.75, Sold:, 10/13/2008 12:00:00 AM, 32.86, 35.25, 32.40, 35.13, Low:, 29.38, Value:, -3780.00
Bought:, 10/15/2008 12:00:00 AM, 33.23, 33.35, 30.54, 30.60, Sold:, 10/17/2008 12:00:00 AM, 31.67, 33.65, 31.41, 32.30, Low:, 30.54, Value:, 1760.00
Bought:, 10/21/2008 12:00:00 AM, 32.66, 33.26, 31.48, 31.48, Sold:, 10/27/2008 12:00:00 AM, 29.17, 30.20, 28.66, 28.69, Low:, 28.09, Value:, -2310.00
Bought:, 11/5/2008 12:00:00 AM, 33.53, 33.60, 31.92, 31.99, Sold:, 11/14/2008 12:00:00 AM, 29.78, 30.42, 28.87, 28.98, Low:, 27.28, Value:, -2140.00
Bought:, 11/17/2008 12:00:00 AM, 28.49, 29.23, 28.26, 28.37, Sold:, 11/26/2008 12:00:00 AM, 27.88, 29.36, 27.81, 29.35, Low:, 28.26, Value:, 2180.00
Bought:, 12/1/2008 12:00:00 AM, 28.50, 28.51, 26.89, 26.93, Sold:, 12/3/2008 12:00:00 AM, 27.13, 28.71, 27.07, 28.62, Low:, 26.89, Value:, 3460.00
Bought:, 12/5/2008 12:00:00 AM, 27.50, 29.07, 26.95, 28.94, Sold:, 12/8/2008 12:00:00 AM, 29.59, 30.46, 29.44, 30.08, Low:, 26.95, Value:, 6260.00
Bought:, 12/11/2008 12:00:00 AM, 29.81, 30.27, 28.94, 29.09, Sold:, 12/16/2008 12:00:00 AM, 29.42, 30.66, 29.10, 30.56, Low:, 28.94, Value:, 3240.00
Bought:, 12/18/2008 12:00:00 AM, 30.19, 30.40, 29.36, 29.66, Sold:, 12/19/2008 12:00:00 AM, 29.93, 30.37, 29.66, 29.86, Low:, 29.36, Value:, 2000.00
Bought:, 12/22/2008 12:00:00 AM, 29.86, 29.92, 28.74, 29.21, Sold:, 12/31/2008 12:00:00 AM, 29.46, 30.08, 29.45, 29.74, Low:, 28.74, Value:, 2000.00
Bought:, 1/7/2009 12:00:00 AM, 30.73, 30.90, 30.19, 30.44, Sold:, 1/21/2009 12:00:00 AM, 28.43, 29.19, 28.10, 29.15, Low:, 27.96, Value:, -2415.2000
Bought:, 1/23/2009 12:00:00 AM, 28.29, 29.35, 28.14, 28.90, Sold:, 1/26/2009 12:00:00 AM, 28.94, 29.59, 28.75, 29.11, Low:, 28.14, Value:, 2000.00
Bought:, 1/29/2009 12:00:00 AM, 29.98, 30.40, 29.48, 29.58, Sold:, 2/4/2009 12:00:00 AM, 29.94, 30.87, 29.79, 29.91, Low:, 29.03, Value:, 2000.00
Bought:, 2/5/2009 12:00:00 AM, 29.48, 30.77, 29.46, 30.57, Sold:, 2/6/2009 12:00:00 AM, 30.68, 31.51, 30.58, 31.37, Low:, 29.46, Value:, 3820.00
Bought:, 2/10/2009 12:00:00 AM, 31.30, 31.68, 30.10, 30.34, Sold:, 2/24/2009 12:00:00 AM, 28.01, 28.98, 27.96, 28.78, Low:, 27.73, Value:, -2090.00
Bought:, 2/26/2009 12:00:00 AM, 28.78, 28.95, 27.70, 27.79, Sold:, 3/12/2009 12:00:00 AM, 27.73, 28.76, 27.44, 28.67, Low:, 27.26, Value:, 2000.00
Bought:, 3/16/2009 12:00:00 AM, 28.93, 28.98, 28.19, 28.26, Sold:, 3/17/2009 12:00:00 AM, 28.40, 29.33, 28.30, 29.33, Low:, 28.19, Value:, 2280.00
Bought:, 3/20/2009 12:00:00 AM, 29.69, 30.03, 28.98, 29.18, Sold:, 3/23/2009 12:00:00 AM, 29.90, 30.94, 29.20, 30.90, Low:, 28.98, Value:, 3840.00
Bought:, 3/25/2009 12:00:00 AM, 30.59, 31.05, 29.66, 30.47, Sold:, 3/26/2009 12:00:00 AM, 30.80, 31.46, 30.42, 31.41, Low:, 29.66, Value:, 3500.00
Bought:, 3/30/2009 12:00:00 AM, 30.30, 30.32, 29.62, 30.06, Sold:, 3/31/2009 12:00:00 AM, 30.29, 30.95, 30.27, 30.32, Low:, 29.62, Value:, 2000.00
Bought:, 4/1/2009 12:00:00 AM, 29.94, 30.88, 29.79, 30.77, Sold:, 4/2/2009 12:00:00 AM, 31.32, 32.27, 31.23, 31.76, Low:, 29.79, Value:, 3940.00
Bought:, 4/6/2009 12:00:00 AM, 31.99, 32.33, 31.65, 32.27, Sold:, 4/9/2009 12:00:00 AM, 32.55, 33.01, 32.43, 32.94, Low:, 31.65, Value:, 1290.00
Bought:, 4/14/2009 12:00:00 AM, 32.69, 32.88, 32.27, 32.49, Sold:, 4/16/2009 12:00:00 AM, 32.85, 33.43, 32.51, 33.24, Low:, 31.85, Value:, 1000.00
Bought:, 4/20/2009 12:00:00 AM, 32.71, 32.82, 32.06, 32.24, Sold:, 4/22/2009 12:00:00 AM, 32.50, 33.53, 32.39, 32.79, Low:, 32.08, Value:, 1000.00
Bought:, 5/1/2009 12:00:00 AM, 34.27, 34.54, 34.01, 34.37, Sold:, 5/4/2009 12:00:00 AM, 34.68, 35.09, 34.52, 35.05, Low:, 34.01, Value:, 1040.00
Bought:, 5/6/2009 12:00:00 AM, 35.29, 35.34, 34.46, 35.03, Sold:, 5/29/2009 12:00:00 AM, 34.97, 35.50, 34.76, 35.38, Low:, 34.21, Value:, 1000.00
Bought:, 6/3/2009 12:00:00 AM, 36.33, 36.37, 35.93, 36.33, Sold:, 6/5/2009 12:00:00 AM, 36.96, 37.08, 36.42, 36.78, Low:, 36.34, Value:, 1000.00
Bought:, 6/8/2009 12:00:00 AM, 36.55, 36.95, 36.12, 36.67, Sold:, 6/9/2009 12:00:00 AM, 36.84, 37.17, 36.67, 36.95, Low:, 36.12, Value:, 1000.00
Bought:, 6/10/2009 12:00:00 AM, 37.16, 37.17, 36.29, 36.82, Sold:, 7/16/2009 12:00:00 AM, 36.75, 37.44, 36.72, 37.36, Low:, 36.29, Value:, 1070.00
Bought:, 7/31/2009 12:00:00 AM, 39.57, 39.85, 39.41, 39.45, Sold:, 8/24/2009 12:00:00 AM, 40.36, 40.57, 40.10, 40.25, Low:, 39.74, Value:, 1000.00
Bought:, 8/26/2009 12:00:00 AM, 40.28, 40.60, 40.08, 40.30, Sold:, 8/28/2009 12:00:00 AM, 40.90, 41.08, 40.16, 40.44, Low:, 39.67, Value:, 1000.00
Bought:, 8/31/2009 12:00:00 AM, 40.14, 40.20, 39.79, 40.03, Sold:, 9/9/2009 12:00:00 AM, 40.77, 41.29, 40.59, 41.09, Low:, 39.79, Value:, 1300.00
Bought:, 9/14/2009 12:00:00 AM, 41.25, 41.71, 41.21, 41.68, Sold:, 9/16/2009 12:00:00 AM, 42.00, 42.48, 41.84, 42.42, Low:, 41.21, Value:, 1210.00
Bought:, 9/21/2009 12:00:00 AM, 42.20, 42.70, 42.16, 42.57, Sold:, 10/14/2009 12:00:00 AM, 43.11, 43.21, 42.85, 43.16, Low:, 42.16, Value:, 1000.00
Bought:, 10/16/2009 12:00:00 AM, 42.90, 42.99, 42.48, 42.78, Sold:, 10/21/2009 12:00:00 AM, 43.21, 43.82, 43.06, 43.14, Low:, 42.94, Value:, 1000.00
Bought:, 10/22/2009 12:00:00 AM, 43.06, 43.49, 42.79, 43.31, Sold:, 11/11/2009 12:00:00 AM, 43.95, 44.14, 43.61, 43.90, Low:, 42.79, Value:, 1110.00
Bought:, 11/12/2009 12:00:00 AM, 43.93, 44.16, 43.55, 43.65, Sold:, 11/16/2009 12:00:00 AM, 44.20, 44.65, 44.12, 44.46, Low:, 43.63, Value:, 1000.00
Bought:, 11/18/2009 12:00:00 AM, 44.46, 44.49, 44.05, 44.35, Sold:, 12/21/2009 12:00:00 AM, 44.69, 45.13, 44.67, 44.96, Low:, 44.00, Value:, 1000.00
Bought:, 12/30/2009 12:00:00 AM, 45.98, 46.26, 45.96, 46.17, Sold:, 2/1/2010 12:00:00 AM, 42.90, 43.28, 42.88, 43.26, Low:, 42.63, Value:, -3060.00
Bought:, 2/4/2010 12:00:00 AM, 43.57, 43.66, 42.62, 42.62, Sold:, 2/11/2010 12:00:00 AM, 43.03, 43.79, 42.76, 43.67, Low:, 42.62, Value:, 1050.00
Bought:, 2/22/2010 12:00:00 AM, 45.01, 45.03, 44.56, 44.74, Sold:, 3/2/2010 12:00:00 AM, 45.57, 45.85, 45.45, 45.55, Low:, 44.95, Value:, 1000.00
Bought:, 3/3/2010 12:00:00 AM, 45.66, 45.82, 45.43, 45.60, Sold:, 3/5/2010 12:00:00 AM, 46.09, 46.54, 45.99, 46.44, Low:, 45.43, Value:, 1010.00
Bought:, 3/9/2010 12:00:00 AM, 46.43, 47.05, 46.40, 46.79, Sold:, 3/12/2010 12:00:00 AM, 47.50, 47.53, 47.10, 47.36, Low:, 46.98, Value:, 1000.00
Bought:, 3/15/2010 12:00:00 AM, 47.26, 47.38, 46.91, 47.24, Sold:, 3/23/2010 12:00:00 AM, 47.99, 48.30, 47.77, 48.25, Low:, 46.91, Value:, 1340.00
Bought:, 3/25/2010 12:00:00 AM, 48.42, 48.60, 47.90, 47.95, Sold:, 4/6/2010 12:00:00 AM, 48.50, 48.90, 48.39, 48.75, Low:, 48.14, Value:, 1000.00
Bought:, 4/7/2010 12:00:00 AM, 48.68, 48.87, 48.37, 48.63, Sold:, 4/14/2010 12:00:00 AM, 49.58, 49.92, 49.50, 49.91, Low:, 48.37, Value:, 1540.00
Bought:, 4/16/2010 12:00:00 AM, 49.95, 50.12, 49.20, 49.53, Sold:, 4/23/2010 12:00:00 AM, 50.30, 50.57, 50.09, 50.52, Low:, 49.20, Value:, 1320.00
Bought:, 4/27/2010 12:00:00 AM, 50.21, 50.43, 49.21, 49.34, Sold:, 4/29/2010 12:00:00 AM, 49.65, 50.33, 49.61, 50.23, Low:, 49.21, Value:, 1020.00
Bought:, 4/30/2010 12:00:00 AM, 50.21, 50.29, 49.20, 49.24, Sold:, 5/7/2010 12:00:00 AM, 46.22, 46.80, 44.28, 45.41, Low:, 42.64, Value:, -2980.00
Bought:, 5/11/2010 12:00:00 AM, 47.29, 48.39, 47.20, 47.72, Sold:, 5/12/2010 12:00:00 AM, 47.98, 48.66, 47.90, 48.62, Low:, 47.20, Value:, 1420.00
Bought:, 5/13/2010 12:00:00 AM, 48.41, 48.79, 47.73, 47.85, Sold:, 5/24/2010 12:00:00 AM, 44.82, 45.33, 44.64, 44.66, Low:, 43.49, Value:, -2910.00
Bought:, 5/25/2010 12:00:00 AM, 43.68, 44.76, 43.23, 44.70, Sold:, 5/26/2010 12:00:00 AM, 45.01, 45.57, 44.12, 44.20, Low:, 43.23, Value:, 1000.00
Bought:, 6/1/2010 12:00:00 AM, 45.43, 46.25, 45.13, 45.18, Sold:, 6/2/2010 12:00:00 AM, 45.44, 46.28, 45.13, 46.25, Low:, 45.13, Value:, 1120.00
Bought:, 6/4/2010 12:00:00 AM, 45.70, 46.29, 44.94, 45.09, Sold:, 6/14/2010 12:00:00 AM, 45.92, 46.24, 45.41, 45.49, Low:, 44.61, Value:, 1000.00
Bought:, 6/21/2010 12:00:00 AM, 47.60, 47.68, 46.33, 46.60, Sold:, 7/2/2010 12:00:00 AM, 42.66, 42.82, 42.09, 42.47, Low:, 41.77, Value:, -3670.00
Bought:, 7/15/2010 12:00:00 AM, 45.47, 45.74, 44.99, 45.60, Sold:, 7/23/2010 12:00:00 AM, 45.46, 46.10, 45.38, 46.06, Low:, 44.99, Value:, 1070.00
Bought:, 7/28/2010 12:00:00 AM, 46.37, 46.58, 45.88, 46.05, Sold:, 8/4/2010 12:00:00 AM, 46.68, 46.99, 46.50, 46.94, Low:, 45.88, Value:, 1060.00
Bought:, 8/6/2010 12:00:00 AM, 46.32, 46.85, 46.05, 46.76, Sold:, 8/9/2010 12:00:00 AM, 47.00, 47.19, 46.79, 47.08, Low:, 46.05, Value:, 1030.00
Bought:, 8/10/2010 12:00:00 AM, 46.70, 46.95, 46.28, 46.67, Sold:, 8/26/2010 12:00:00 AM, 44.22, 44.32, 43.50, 43.54, Low:, 43.27, Value:, -3702.4000
Bought:, 8/27/2010 12:00:00 AM, 43.86, 44.16, 42.97, 44.07, Sold:, 8/30/2010 12:00:00 AM, 43.86, 44.25, 43.60, 43.61, Low:, 42.97, Value:, 1000.00
Bought:, 8/31/2010 12:00:00 AM, 43.38, 43.85, 43.18, 43.46, Sold:, 9/1/2010 12:00:00 AM, 44.10, 44.91, 44.07, 44.76, Low:, 43.18, Value:, 1580.00
Bought:, 9/10/2010 12:00:00 AM, 46.48, 46.67, 46.25, 46.60, Sold:, 9/13/2010 12:00:00 AM, 46.96, 47.37, 46.94, 47.25, Low:, 46.25, Value:, 1000.00
Bought:, 9/22/2010 12:00:00 AM, 48.62, 49.02, 48.42, 48.69, Sold:, 9/24/2010 12:00:00 AM, 49.22, 49.69, 49.15, 49.66, Low:, 48.42, Value:, 1240.00
Bought:, 9/28/2010 12:00:00 AM, 49.51, 49.54, 48.59, 49.37, Sold:, 10/5/2010 12:00:00 AM, 49.03, 49.76, 49.00, 49.66, Low:, 48.59, Value:, 1070.00
Bought:, 10/6/2010 12:00:00 AM, 49.60, 49.71, 48.91, 49.23, Sold:, 10/11/2010 12:00:00 AM, 49.78, 50.02, 49.62, 49.77, Low:, 49.08, Value:, 1000.00
Bought:, 10/12/2010 12:00:00 AM, 49.69, 50.21, 49.26, 50.11, Sold:, 10/13/2010 12:00:00 AM, 50.43, 50.75, 50.28, 50.52, Low:, 49.26, Value:, 1260.00
Bought:, 10/14/2010 12:00:00 AM, 50.55, 50.64, 50.17, 50.42, Sold:, 10/15/2010 12:00:00 AM, 51.04, 51.50, 50.63, 51.49, Low:, 50.17, Value:, 1320.00
Bought:, 10/19/2010 12:00:00 AM, 50.82, 51.30, 50.42, 50.82, Sold:, 10/20/2010 12:00:00 AM, 50.96, 51.57, 50.87, 51.19, Low:, 50.42, Value:, 1000.00
Bought:, 10/21/2010 12:00:00 AM, 51.51, 51.71, 50.79, 51.29, Sold:, 10/25/2010 12:00:00 AM, 51.85, 52.23, 51.85, 51.89, Low:, 50.79, Value:, 1100.00
Bought:, 10/26/2010 12:00:00 AM, 51.63, 52.15, 51.42, 52.03, Sold:, 10/28/2010 12:00:00 AM, 52.41, 52.45, 51.84, 52.30, Low:, 51.66, Value:, 1000.00
Bought:, 11/1/2010 12:00:00 AM, 52.37, 52.75, 51.98, 52.22, Sold:, 11/4/2010 12:00:00 AM, 53.60, 53.86, 53.50, 53.67, Low:, 51.98, Value:, 1690.00
Bought:, 11/8/2010 12:00:00 AM, 53.58, 53.83, 53.45, 53.74, Sold:, 12/7/2010 12:00:00 AM, 54.50, 54.52, 53.82, 53.88, Low:, 53.68, Value:, 1000.00
Bought:, 12/8/2010 12:00:00 AM, 54.02, 54.15, 53.69, 54.08, Sold:, 12/13/2010 12:00:00 AM, 54.70, 54.74, 54.27, 54.30, Low:, 54.09, Value:, 1000.00
Bought:, 12/14/2010 12:00:00 AM, 54.44, 54.62, 54.23, 54.40, Sold:, 1/3/2011 12:00:00 AM, 54.97, 55.69, 54.95, 55.31, Low:, 54.23, Value:, 1080.00
Bought:, 1/4/2011 12:00:00 AM, 55.51, 55.55, 54.92, 55.27, Sold:, 1/6/2011 12:00:00 AM, 55.80, 55.96, 55.68, 55.92, Low:, 54.92, Value:, 1000.00
Bought:, 1/7/2011 12:00:00 AM, 56.02, 56.05, 55.32, 55.87, Sold:, 1/11/2011 12:00:00 AM, 56.31, 56.36, 55.95, 56.16, Low:, 55.58, Value:, 1000.00
Bought:, 1/19/2011 12:00:00 AM, 57.26, 57.26, 56.32, 56.51, Sold:, 1/27/2011 12:00:00 AM, 57.01, 57.35, 56.92, 57.18, Low:, 56.45, Value:, 1000.00
Bought:, 1/28/2011 12:00:00 AM, 57.17, 57.22, 55.47, 55.73, Sold:, 2/1/2011 12:00:00 AM, 56.42, 57.18, 56.36, 57.05, Low:, 55.47, Value:, 1580.00
Bought:, 2/3/2011 12:00:00 AM, 56.85, 57.14, 56.40, 57.06, Sold:, 2/4/2011 12:00:00 AM, 57.05, 57.42, 56.90, 57.38, Low:, 56.40, Value:, 1000.00
Bought:, 2/10/2011 12:00:00 AM, 57.55, 58.10, 57.49, 58.02, Sold:, 2/14/2011 12:00:00 AM, 58.44, 58.66, 58.38, 58.58, Low:, 57.49, Value:, 1090.00
Bought:, 2/15/2011 12:00:00 AM, 58.44, 58.57, 58.23, 58.50, Sold:, 3/17/2011 12:00:00 AM, 55.01, 55.24, 54.13, 54.65, Low:, 53.77, Value:, -4658.4000
Bought:, 3/23/2011 12:00:00 AM, 55.20, 55.87, 54.82, 55.71, Sold:, 3/24/2011 12:00:00 AM, 56.13, 56.82, 55.82, 56.70, Low:, 54.82, Value:, 1880.00
Bought:, 3/28/2011 12:00:00 AM, 57.09, 57.10, 56.50, 56.53, Sold:, 4/1/2011 12:00:00 AM, 57.72, 57.90, 57.29, 57.46, Low:, 57.15, Value:, 1000.00
Bought:, 4/4/2011 12:00:00 AM, 57.62, 57.68, 57.02, 57.27, Sold:, 4/21/2011 12:00:00 AM, 58.44, 58.47, 58.16, 58.34, Low:, 57.02, Value:, 1320.00
Bought:, 5/2/2011 12:00:00 AM, 59.17, 59.34, 58.82, 58.97, Sold:, 6/9/2011 12:00:00 AM, 55.41, 55.76, 55.23, 55.49, Low:, 55.23, Value:, -4705.6000
Bought:, 6/10/2011 12:00:00 AM, 55.23, 55.34, 54.59, 54.64, Sold:, 6/28/2011 12:00:00 AM, 55.37, 56.08, 55.29, 56.07, Low:, 54.59, Value:, 1480.00
Bought:, 7/8/2011 12:00:00 AM, 58.68, 59.04, 58.37, 59.03, Sold:, 7/22/2011 12:00:00 AM, 58.96, 59.70, 58.92, 59.60, Low:, 58.37, Value:, 1230.00
Bought:, 7/27/2011 12:00:00 AM, 59.24, 59.29, 57.94, 58.09, Sold:, 8/10/2011 12:00:00 AM, 51.83, 53.04, 50.80, 50.86, Low:, 49.93, Value:, -6110.00
Bought:, 8/16/2011 12:00:00 AM, 53.83, 54.35, 53.18, 53.90, Sold:, 8/29/2011 12:00:00 AM, 53.66, 54.67, 53.64, 54.61, Low:, 53.18, Value:, 1430.00
Bought:, 9/1/2011 12:00:00 AM, 55.20, 55.64, 54.46, 54.56, Sold:, 9/14/2011 12:00:00 AM, 54.86, 55.98, 54.32, 55.36, Low:, 53.80, Value:, 1000.00
Bought:, 9/19/2011 12:00:00 AM, 55.89, 56.91, 55.43, 56.61, Sold:, 9/20/2011 12:00:00 AM, 56.90, 57.35, 56.23, 56.36, Low:, 55.43, Value:, 1000.00
Bought:, 9/21/2011 12:00:00 AM, 56.65, 56.93, 55.37, 55.38, Sold:, 10/5/2011 12:00:00 AM, 52.06, 53.68, 51.66, 53.53, Low:, 50.10, Value:, -4429.6000
Bought:, 10/13/2011 12:00:00 AM, 56.49, 57.19, 56.43, 57.12, Sold:, 10/14/2011 12:00:00 AM, 57.82, 58.19, 57.51, 58.18, Low:, 56.43, Value:, 1750.00
Bought:, 10/17/2011 12:00:00 AM, 57.91, 58.09, 56.97, 57.28, Sold:, 10/24/2011 12:00:00 AM, 57.51, 58.65, 57.31, 58.49, Low:, 56.97, Value:, 1520.00
Bought:, 10/25/2011 12:00:00 AM, 58.30, 58.32, 57.22, 57.34, Sold:, 10/27/2011 12:00:00 AM, 58.64, 59.20, 58.03, 58.85, Low:, 57.22, Value:, 1630.00
Bought:, 10/31/2011 12:00:00 AM, 58.43, 58.64, 57.91, 57.95, Sold:, 11/8/2011 12:00:00 AM, 58.63, 58.98, 57.97, 58.88, Low:, 57.17, Value:, 1000.00
Bought:, 11/9/2011 12:00:00 AM, 57.74, 57.83, 56.63, 56.81, Sold:, 11/11/2011 12:00:00 AM, 57.27, 58.02, 57.20, 57.85, Low:, 56.63, Value:, 1220.00
Bought:, 11/15/2011 12:00:00 AM, 57.32, 58.36, 57.26, 58.13, Sold:, 1/10/2012 12:00:00 AM, 58.23, 58.40, 57.64, 58.04, Low:, 57.43, Value:, 1000.00
Bought:, 1/13/2012 12:00:00 AM, 58.08, 58.20, 57.68, 58.18, Sold:, 1/17/2012 12:00:00 AM, 58.69, 58.96, 58.49, 58.71, Low:, 57.68, Value:, 1030.00
Bought:, 1/20/2012 12:00:00 AM, 59.60, 59.80, 59.56, 59.77, Sold:, 1/25/2012 12:00:00 AM, 60.26, 60.58, 59.83, 60.43, Low:, 59.41, Value:, 1000.00
Bought:, 1/30/2012 12:00:00 AM, 59.89, 60.54, 59.66, 60.45, Sold:, 1/31/2012 12:00:00 AM, 60.75, 60.86, 60.14, 60.53, Low:, 59.66, Value:, 1000.00
Bought:, 2/6/2012 12:00:00 AM, 61.82, 62.02, 61.66, 62.00, Sold:, 2/9/2012 12:00:00 AM, 62.70, 62.98, 62.32, 62.91, Low:, 61.66, Value:, 1250.00
Bought:, 2/10/2012 12:00:00 AM, 62.46, 62.64, 62.25, 62.47, Sold:, 2/17/2012 12:00:00 AM, 63.64, 63.69, 63.15, 63.43, Low:, 62.25, Value:, 1180.00
Bought:, 2/23/2012 12:00:00 AM, 63.40, 63.81, 63.09, 63.74, Sold:, 2/28/2012 12:00:00 AM, 64.11, 64.70, 64.03, 64.70, Low:, 63.09, Value:, 1610.00
Bought:, 3/5/2012 12:00:00 AM, 64.83, 64.91, 63.99, 64.20, Sold:, 3/9/2012 12:00:00 AM, 64.86, 65.14, 64.82, 65.02, Low:, 63.99, Value:, 1030.00
Bought:, 3/12/2012 12:00:00 AM, 65.00, 65.11, 64.72, 65.05, Sold:, 3/13/2012 12:00:00 AM, 65.40, 66.26, 65.27, 66.26, Low:, 64.72, Value:, 1540.00
Bought:, 3/22/2012 12:00:00 AM, 66.72, 67.14, 66.68, 66.98, Sold:, 3/26/2012 12:00:00 AM, 67.39, 68.11, 67.33, 68.11, Low:, 66.68, Value:, 1430.00
Bought:, 3/28/2012 12:00:00 AM, 68.25, 68.51, 67.54, 67.94, Sold:, 4/3/2012 12:00:00 AM, 68.31, 68.55, 67.85, 68.23, Low:, 67.36, Value:, 1000.00
Bought:, 4/4/2012 12:00:00 AM, 67.72, 67.76, 66.91, 67.30, Sold:, 5/21/2012 12:00:00 AM, 60.93, 62.57, 60.85, 62.51, Low:, 60.76, Value:, -5980.00
Bought:, 5/23/2012 12:00:00 AM, 61.91, 62.71, 61.37, 62.56, Sold:, 5/24/2012 12:00:00 AM, 62.65, 62.71, 61.69, 62.15, Low:, 61.37, Value:, 1000.00
Bought:, 5/30/2012 12:00:00 AM, 62.29, 62.55, 61.68, 62.33, Sold:, 6/7/2012 12:00:00 AM, 63.18, 63.18, 62.22, 62.27, Low:, 61.52, Value:, 1000.00
Bought:, 6/8/2012 12:00:00 AM, 62.17, 62.95, 61.96, 62.87, Sold:, 6/15/2012 12:00:00 AM, 62.39, 63.08, 62.36, 62.99, Low:, 61.96, Value:, 1030.00
Bought:, 6/20/2012 12:00:00 AM, 64.38, 64.57, 63.81, 64.29, Sold:, 7/3/2012 12:00:00 AM, 64.39, 64.89, 64.29, 64.89, Low:, 63.81, Value:, 1080.00
Bought:, 7/6/2012 12:00:00 AM, 64.63, 64.69, 63.65, 64.12, Sold:, 7/19/2012 12:00:00 AM, 64.84, 65.31, 64.72, 65.10, Low:, 63.65, Value:, 1450.00
Bought:, 7/20/2012 12:00:00 AM, 65.08, 65.10, 64.21, 64.24, Sold:, 7/30/2012 12:00:00 AM, 65.03, 65.31, 64.60, 64.82, Low:, 63.64, Value:, 1000.00
Bought:, 8/1/2012 12:00:00 AM, 65.26, 65.28, 64.35, 64.61, Sold:, 8/3/2012 12:00:00 AM, 65.42, 65.88, 65.19, 65.60, Low:, 64.35, Value:, 1250.00
Bought:, 8/10/2012 12:00:00 AM, 66.58, 66.88, 66.41, 66.86, Sold:, 8/14/2012 12:00:00 AM, 67.27, 67.41, 66.86, 67.05, Low:, 66.50, Value:, 1000.00
Bought:, 8/20/2012 12:00:00 AM, 68.27, 68.43, 68.00, 68.42, Sold:, 9/6/2012 12:00:00 AM, 68.44, 69.55, 68.42, 69.53, Low:, 68.00, Value:, 1530.00
Bought:, 9/10/2012 12:00:00 AM, 69.25, 69.40, 68.49, 68.54, Sold:, 9/13/2012 12:00:00 AM, 68.69, 69.86, 68.62, 69.56, Low:, 68.49, Value:, 1070.00
Bought:, 9/20/2012 12:00:00 AM, 70.06, 70.40, 69.87, 70.33, Sold:, 10/31/2012 12:00:00 AM, 65.27, 65.39, 64.73, 64.95, Low:, 64.65, Value:, -4600.00
Bought:, 11/2/2012 12:00:00 AM, 66.17, 66.21, 65.11, 65.17, Sold:, 11/6/2012 12:00:00 AM, 65.71, 66.17, 65.46, 65.72, Low:, 65.04, Value:, 1000.00
Bought:, 11/7/2012 12:00:00 AM, 65.02, 65.10, 63.90, 64.17, Sold:, 11/23/2012 12:00:00 AM, 64.29, 64.92, 64.25, 64.90, Low:, 63.90, Value:, 1000.00
Bought:, 11/28/2012 12:00:00 AM, 64.65, 65.57, 64.25, 65.52, Sold:, 11/29/2012 12:00:00 AM, 65.87, 66.14, 65.58, 65.91, Low:, 64.25, Value:, 1660.00
Bought:, 12/4/2012 12:00:00 AM, 65.70, 65.77, 65.20, 65.63, Sold:, 12/11/2012 12:00:00 AM, 65.57, 66.34, 65.52, 65.97, Low:, 64.75, Value:, 1000.00
Bought:, 12/13/2012 12:00:00 AM, 65.70, 66.16, 65.03, 65.31, Sold:, 12/18/2012 12:00:00 AM, 65.88, 66.65, 65.70, 66.55, Low:, 65.03, Value:, 1520.00
Bought:, 12/20/2012 12:00:00 AM, 66.38, 66.41, 65.93, 66.26, Sold:, 1/2/2013 12:00:00 AM, 66.73, 67.23, 66.48, 67.20, Low:, 65.93, Value:, 1270.00
Bought:, 1/4/2013 12:00:00 AM, 66.88, 66.88, 66.47, 66.63, Sold:, 1/17/2013 12:00:00 AM, 67.17, 67.48, 67.06, 67.22, Low:, 66.60, Value:, 1000.00
Bought:, 1/18/2013 12:00:00 AM, 67.02, 67.14, 66.77, 67.07, Sold:, 1/23/2013 12:00:00 AM, 67.56, 67.79, 67.46, 67.59, Low:, 66.73, Value:, 1000.00
Bought:, 1/24/2013 12:00:00 AM, 66.66, 67.28, 66.56, 66.66, Sold:, 2/1/2013 12:00:00 AM, 67.34, 67.78, 67.07, 67.66, Low:, 66.56, Value:, 1100.00
Bought:, 2/4/2013 12:00:00 AM, 67.27, 67.46, 66.46, 66.48, Sold:, 2/5/2013 12:00:00 AM, 66.77, 67.67, 66.61, 67.46, Low:, 66.46, Value:, 1000.00
Bought:, 2/7/2013 12:00:00 AM, 67.32, 67.37, 66.56, 67.30, Sold:, 2/8/2013 12:00:00 AM, 67.64, 68.13, 67.63, 67.99, Low:, 66.56, Value:, 1430.00
Bought:, 2/12/2013 12:00:00 AM, 67.92, 68.05, 67.66, 67.73, Sold:, 3/5/2013 12:00:00 AM, 68.08, 68.77, 68.08, 68.68, Low:, 67.66, Value:, 1020.00
Bought:, 3/11/2013 12:00:00 AM, 68.68, 68.99, 68.47, 68.97, Sold:, 4/10/2013 12:00:00 AM, 68.92, 70.17, 68.88, 70.02, Low:, 68.47, Value:, 1550.00
Bought:, 4/12/2013 12:00:00 AM, 69.82, 69.99, 69.41, 69.94, Sold:, 4/29/2013 12:00:00 AM, 69.79, 70.48, 69.76, 70.21, Low:, 69.27, Value:, 1000.00
Bought:, 5/7/2013 12:00:00 AM, 72.52, 72.57, 72.09, 72.36, Sold:, 5/9/2013 12:00:00 AM, 72.57, 73.10, 72.47, 72.61, Low:, 72.20, Value:, 1000.00
Bought:, 5/22/2013 12:00:00 AM, 74.36, 74.95, 73.24, 73.62, Sold:, 5/28/2013 12:00:00 AM, 74.27, 74.54, 73.66, 73.89, Low:, 72.76, Value:, 1000.00
Bought:, 5/29/2013 12:00:00 AM, 73.60, 73.80, 73.12, 73.54, Sold:, 5/30/2013 12:00:00 AM, 73.57, 74.28, 73.55, 73.93, Low:, 73.12, Value:, 1000.00
Bought:, 5/31/2013 12:00:00 AM, 73.65, 74.21, 73.17, 73.25, Sold:, 7/11/2013 12:00:00 AM, 74.30, 75.03, 74.25, 74.97, Low:, 73.17, Value:, 1800.00
Bought:, 7/18/2013 12:00:00 AM, 75.55, 75.74, 75.25, 75.37, Sold:, 8/1/2013 12:00:00 AM, 76.29, 76.65, 76.21, 76.54, Low:, 75.25, Value:, 1290.00
Bought:, 8/6/2013 12:00:00 AM, 76.92, 76.99, 76.25, 76.56, Sold:, 8/13/2013 12:00:00 AM, 76.77, 77.27, 76.22, 77.10, Low:, 76.19, Value:, 1000.00
Bought:, 8/15/2013 12:00:00 AM, 75.95, 75.99, 75.29, 75.51, Sold:, 8/23/2013 12:00:00 AM, 76.70, 76.77, 76.40, 76.67, Low:, 75.29, Value:, 1380.00
Bought:, 8/27/2013 12:00:00 AM, 75.80, 76.18, 74.96, 75.14, Sold:, 8/29/2013 12:00:00 AM, 75.41, 76.34, 75.30, 75.96, Low:, 74.96, Value:, 1000.00
Bought:, 8/30/2013 12:00:00 AM, 76.04, 76.04, 75.20, 75.47, Sold:, 9/3/2013 12:00:00 AM, 76.09, 76.44, 75.54, 75.90, Low:, 75.20, Value:, 1000.00
Bought:, 9/6/2013 12:00:00 AM, 77.10, 77.34, 76.05, 76.93, Sold:, 9/9/2013 12:00:00 AM, 77.26, 77.96, 77.23, 77.83, Low:, 76.05, Value:, 1780.00
Bought:, 9/11/2013 12:00:00 AM, 77.69, 78.11, 77.59, 78.06, Sold:, 9/16/2013 12:00:00 AM, 78.72, 78.72, 77.67, 77.85, Low:, 77.64, Value:, 1000.00
Bought:, 9/20/2013 12:00:00 AM, 79.45, 79.54, 78.95, 78.99, Sold:, 10/15/2013 12:00:00 AM, 79.73, 80.11, 79.38, 79.48, Low:, 78.68, Value:, 1000.00
Bought:, 10/22/2013 12:00:00 AM, 82.65, 82.90, 81.93, 82.45, Sold:, 10/25/2013 12:00:00 AM, 83.08, 83.28, 82.50, 82.90, Low:, 81.88, Value:, 1000.00
Bought:, 10/30/2013 12:00:00 AM, 83.35, 83.49, 82.58, 82.98, Sold:, 11/14/2013 12:00:00 AM, 83.32, 83.86, 83.14, 83.80, Low:, 82.58, Value:, 1220.00
Bought:, 11/18/2013 12:00:00 AM, 83.94, 84.11, 82.98, 83.14, Sold:, 11/22/2013 12:00:00 AM, 83.68, 84.02, 83.62, 83.99, Low:, 82.98, Value:, 1010.00
Bought:, 12/2/2013 12:00:00 AM, 85.83, 85.96, 85.35, 85.48, Sold:, 12/9/2013 12:00:00 AM, 86.35, 86.53, 86.20, 86.35, Low:, 85.35, Value:, 1000.00
Bought:, 12/10/2013 12:00:00 AM, 86.21, 86.45, 86.12, 86.29, Sold:, 12/23/2013 12:00:00 AM, 87.21, 87.41, 86.95, 87.41, Low:, 86.12, Value:, 1290.00
Bought:, 12/27/2013 12:00:00 AM, 87.85, 87.90, 87.41, 87.52, Sold:, 1/15/2014 12:00:00 AM, 88.03, 88.54, 87.94, 88.37, Low:, 86.30, Value:, 1000.00
Bought:, 1/17/2014 12:00:00 AM, 88.11, 88.37, 87.67, 87.88, Sold:, 1/22/2014 12:00:00 AM, 88.78, 89.00, 88.52, 88.78, Low:, 87.67, Value:, 1110.00
Bought:, 1/23/2014 12:00:00 AM, 88.51, 88.52, 87.86, 88.48, Sold:, 2/11/2014 12:00:00 AM, 87.99, 88.97, 87.89, 88.80, Low:, 87.21, Value:, 1000.00
Bought:, 2/13/2014 12:00:00 AM, 88.32, 89.70, 88.30, 89.63, Sold:, 2/14/2014 12:00:00 AM, 89.60, 90.01, 89.33, 89.81, Low:, 88.30, Value:, 1510.00
Bought:, 2/19/2014 12:00:00 AM, 90.08, 90.29, 89.45, 89.63, Sold:, 2/21/2014 12:00:00 AM, 90.34, 90.47, 89.82, 89.93, Low:, 89.31, Value:, 1000.00
Bought:, 2/25/2014 12:00:00 AM, 90.54, 90.72, 90.02, 90.31, Sold:, 3/5/2014 12:00:00 AM, 90.96, 91.22, 90.77, 91.06, Low:, 90.02, Value:, 1040.00
Bought:, 3/6/2014 12:00:00 AM, 91.27, 91.34, 90.65, 90.98, Sold:, 4/14/2014 12:00:00 AM, 84.85, 85.22, 83.99, 84.77, Low:, 83.91, Value:, -5800.00
Bought:, 4/15/2014 12:00:00 AM, 85.08, 85.54, 83.28, 85.05, Sold:, 4/16/2014 12:00:00 AM, 85.79, 86.18, 85.09, 86.18, Low:, 83.28, Value:, 2900.00
Bought:, 4/23/2014 12:00:00 AM, 87.53, 87.56, 86.71, 86.76, Sold:, 5/1/2014 12:00:00 AM, 87.53, 88.15, 87.31, 87.65, Low:, 86.54, Value:, 1000.00
Bought:, 5/2/2014 12:00:00 AM, 87.95, 88.11, 87.28, 87.49, Sold:, 5/13/2014 12:00:00 AM, 88.31, 88.61, 88.12, 88.29, Low:, 87.28, Value:, 1010.00
Bought:, 5/14/2014 12:00:00 AM, 88.02, 88.35, 87.62, 87.83, Sold:, 5/21/2014 12:00:00 AM, 88.16, 88.89, 88.11, 88.84, Low:, 87.62, Value:, 1220.00
Bought:, 5/30/2014 12:00:00 AM, 91.32, 91.45, 90.83, 91.31, Sold:, 6/5/2014 12:00:00 AM, 91.60, 92.46, 91.29, 92.29, Low:, 90.83, Value:, 1460.00
Bought:, 6/11/2014 12:00:00 AM, 92.59, 93.02, 92.50, 92.89, Sold:, 6/27/2014 12:00:00 AM, 93.21, 93.77, 93.19, 93.75, Low:, 92.50, Value:, 1250.00
Bought:, 7/8/2014 12:00:00 AM, 95.23, 95.30, 93.87, 94.26, Sold:, 7/9/2014 12:00:00 AM, 94.51, 95.07, 94.24, 94.96, Low:, 93.87, Value:, 1090.00
Bought:, 7/10/2014 12:00:00 AM, 93.74, 95.05, 93.63, 94.66, Sold:, 7/11/2014 12:00:00 AM, 94.90, 95.27, 94.61, 95.27, Low:, 93.63, Value:, 1640.00
Bought:, 7/15/2014 12:00:00 AM, 95.99, 96.13, 94.83, 95.51, Sold:, 7/16/2014 12:00:00 AM, 96.20, 96.30, 95.79, 95.89, Low:, 94.83, Value:, 1060.00
Bought:, 7/17/2014 12:00:00 AM, 95.63, 95.97, 94.32, 94.62, Sold:, 7/18/2014 12:00:00 AM, 95.11, 96.17, 95.00, 96.12, Low:, 94.32, Value:, 1800.00
Bought:, 7/25/2014 12:00:00 AM, 96.62, 96.87, 96.23, 96.74, Sold:, 7/30/2014 12:00:00 AM, 97.14, 97.32, 96.60, 96.98, Low:, 96.52, Value:, 1000.00
Bought:, 7/31/2014 12:00:00 AM, 96.18, 96.34, 94.88, 95.02, Sold:, 8/13/2014 12:00:00 AM, 95.81, 96.47, 95.76, 96.43, Low:, 94.88, Value:, 1550.00
Bought:, 8/28/2014 12:00:00 AM, 99.18, 99.53, 99.08, 99.41, Sold:, 9/2/2014 12:00:00 AM, 100.02, 100.10, 99.66, 100.07, Low:, 99.27, Value:, 1000.00
Bought:, 9/3/2014 12:00:00 AM, 100.34, 100.34, 99.30, 99.48, Sold:, 9/8/2014 12:00:00 AM, 99.92, 100.33, 99.62, 100.08, Low:, 99.03, Value:, 1000.00
Bought:, 9/9/2014 12:00:00 AM, 100.09, 100.46, 99.06, 99.25, Sold:, 9/10/2014 12:00:00 AM, 99.38, 100.11, 99.10, 100.07, Low:, 99.06, Value:, 1010.00
Bought:, 9/12/2014 12:00:00 AM, 99.87, 99.93, 99.17, 99.48, Sold:, 9/18/2014 12:00:00 AM, 99.84, 100.29, 99.73, 100.28, Low:, 99.17, Value:, 1110.00
Bought:, 9/19/2014 12:00:00 AM, 100.46, 100.56, 99.58, 99.98, Sold:, 10/16/2014 12:00:00 AM, 90.42, 92.58, 90.39, 91.79, Low:, 90.24, Value:, -9160.00
Bought:, 11/4/2014 12:00:00 AM, 101.38, 101.62, 100.67, 101.36, Sold:, 11/5/2014 12:00:00 AM, 102.03, 102.03, 101.02, 101.37, Low:, 100.67, Value:, 1000.00
Bought:, 11/6/2014 12:00:00 AM, 101.36, 101.72, 100.92, 101.69, Sold:, 11/10/2014 12:00:00 AM, 101.66, 102.09, 101.38, 101.96, Low:, 100.92, Value:, 1040.00
Bought:, 11/17/2014 12:00:00 AM, 102.97, 103.21, 102.42, 102.91, Sold:, 11/18/2014 12:00:00 AM, 103.00, 103.82, 102.99, 103.68, Low:, 102.42, Value:, 1260.00
Bought:, 11/19/2014 12:00:00 AM, 103.56, 103.57, 102.73, 103.21, Sold:, 11/21/2014 12:00:00 AM, 104.62, 104.69, 103.54, 103.87, Low:, 102.73, Value:, 1140.00
Bought:, 12/1/2014 12:00:00 AM, 105.74, 105.92, 104.42, 104.81, Sold:, 12/2/2014 12:00:00 AM, 104.93, 105.42, 104.70, 105.23, Low:, 104.42, Value:, 1000.00
Bought:, 12/8/2014 12:00:00 AM, 105.11, 105.57, 104.08, 104.63, Sold:, 12/26/2014 12:00:00 AM, 104.57, 105.26, 104.57, 105.04, Low:, 104.27, Value:, 1000.00
Bought:, 12/30/2014 12:00:00 AM, 104.73, 104.96, 104.18, 104.32, Sold:, 2/12/2015 12:00:00 AM, 105.45, 106.04, 105.30, 106.00, Low:, 104.18, Value:, 1820.00
Bought:, 2/24/2015 12:00:00 AM, 108.41, 108.73, 108.05, 108.60, Sold:, 3/2/2015 12:00:00 AM, 108.61, 109.42, 108.59, 109.38, Low:, 108.05, Value:, 1330.00
Bought:, 3/3/2015 12:00:00 AM, 109.06, 109.16, 108.18, 108.87, Sold:, 4/23/2015 12:00:00 AM, 108.30, 109.55, 108.26, 109.06, Low:, 107.64, Value:, 1000.00
Bought:, 4/27/2015 12:00:00 AM, 110.96, 111.16, 110.02, 110.26, Sold:, 5/27/2015 12:00:00 AM, 109.54, 111.08, 109.29, 110.96, Low:, 108.76, Value:, 1000.00

 Last:, 5/27/2015 12:00:00 AM, 109.54, 111.08, 109.29, 110.96
Daily Low:, 5/27/2015 12:00:00 AM, 109.54, 111.08, 109.29, 110.96
 Date:, 5/27/2015 12:00:00 AM
  Low:, 109.29
gains:, 732162.54000
 loss:, -338161.4800000
  sum:, 394001.0600000
